#
# TABLE STRUCTURE FOR: communities
#

DROP TABLE IF EXISTS `communities`;

CREATE TABLE `communities` (
  `id` int(10) unsigned NOT NULL AUTO_INCREMENT COMMENT 'Идентификатор сроки',
  `name` varchar(150) COLLATE utf8_unicode_ci NOT NULL COMMENT 'Название группы',
  `created_at` datetime DEFAULT current_timestamp() COMMENT 'Время создания строки',
  `updated_at` datetime DEFAULT current_timestamp() ON UPDATE current_timestamp() COMMENT 'Время обновления строки',
  PRIMARY KEY (`id`),
  UNIQUE KEY `name` (`name`)
) ENGINE=InnoDB AUTO_INCREMENT=11 DEFAULT CHARSET=utf8 COLLATE=utf8_unicode_ci COMMENT='Группы';

INSERT INTO `communities` (`id`, `name`, `created_at`, `updated_at`) VALUES (1, 'deleniti', '2016-12-28 12:22:08', '2013-07-25 23:11:45');
INSERT INTO `communities` (`id`, `name`, `created_at`, `updated_at`) VALUES (2, 'a', '1982-03-24 00:38:06', '1997-10-30 05:33:38');
INSERT INTO `communities` (`id`, `name`, `created_at`, `updated_at`) VALUES (3, 'sint', '2016-09-15 00:19:57', '2012-01-17 11:55:04');
INSERT INTO `communities` (`id`, `name`, `created_at`, `updated_at`) VALUES (4, 'error', '2017-10-18 04:31:09', '1981-09-28 07:54:50');
INSERT INTO `communities` (`id`, `name`, `created_at`, `updated_at`) VALUES (5, 'consequatur', '1987-05-22 19:34:24', '2005-11-08 04:55:33');
INSERT INTO `communities` (`id`, `name`, `created_at`, `updated_at`) VALUES (6, 'perspiciatis', '1974-12-20 11:55:54', '1984-12-29 19:53:19');
INSERT INTO `communities` (`id`, `name`, `created_at`, `updated_at`) VALUES (7, 'aut', '2017-10-27 17:42:52', '1991-04-06 22:44:01');
INSERT INTO `communities` (`id`, `name`, `created_at`, `updated_at`) VALUES (8, 'omnis', '1989-11-18 14:02:02', '1973-12-24 03:40:09');
INSERT INTO `communities` (`id`, `name`, `created_at`, `updated_at`) VALUES (9, 'aperiam', '1986-01-25 08:41:42', '1996-12-20 00:35:41');
INSERT INTO `communities` (`id`, `name`, `created_at`, `updated_at`) VALUES (10, 'cum', '1975-09-02 16:39:51', '1995-12-19 04:39:20');


#
# TABLE STRUCTURE FOR: communities_users
#

DROP TABLE IF EXISTS `communities_users`;

CREATE TABLE `communities_users` (
  `community_id` int(10) unsigned NOT NULL COMMENT 'Ссылка на группу',
  `user_id` int(10) unsigned NOT NULL COMMENT 'Ссылка на пользователя',
  `created_at` datetime DEFAULT current_timestamp() COMMENT 'Время создания строки',
  PRIMARY KEY (`community_id`,`user_id`) COMMENT 'Составной первичный ключ'
) ENGINE=InnoDB DEFAULT CHARSET=utf8 COLLATE=utf8_unicode_ci COMMENT='Участники групп, связь между пользователями и группами';

INSERT INTO `communities_users` (`community_id`, `user_id`, `created_at`) VALUES (1, 1, '1976-06-08 19:58:16');
INSERT INTO `communities_users` (`community_id`, `user_id`, `created_at`) VALUES (1, 11, '2010-07-16 20:34:03');
INSERT INTO `communities_users` (`community_id`, `user_id`, `created_at`) VALUES (1, 21, '1986-10-28 14:10:40');
INSERT INTO `communities_users` (`community_id`, `user_id`, `created_at`) VALUES (1, 31, '1974-02-24 07:18:14');
INSERT INTO `communities_users` (`community_id`, `user_id`, `created_at`) VALUES (1, 41, '2018-09-22 05:58:43');
INSERT INTO `communities_users` (`community_id`, `user_id`, `created_at`) VALUES (1, 51, '1981-12-20 00:50:15');
INSERT INTO `communities_users` (`community_id`, `user_id`, `created_at`) VALUES (1, 61, '1974-07-20 04:06:44');
INSERT INTO `communities_users` (`community_id`, `user_id`, `created_at`) VALUES (1, 71, '2007-12-20 15:06:29');
INSERT INTO `communities_users` (`community_id`, `user_id`, `created_at`) VALUES (1, 81, '1994-09-10 14:20:56');
INSERT INTO `communities_users` (`community_id`, `user_id`, `created_at`) VALUES (1, 91, '1995-09-18 06:10:20');
INSERT INTO `communities_users` (`community_id`, `user_id`, `created_at`) VALUES (1, 101, '1975-12-19 05:13:36');
INSERT INTO `communities_users` (`community_id`, `user_id`, `created_at`) VALUES (2, 2, '2004-01-03 06:40:35');
INSERT INTO `communities_users` (`community_id`, `user_id`, `created_at`) VALUES (2, 12, '1990-09-06 22:11:51');
INSERT INTO `communities_users` (`community_id`, `user_id`, `created_at`) VALUES (2, 22, '2007-10-20 07:21:44');
INSERT INTO `communities_users` (`community_id`, `user_id`, `created_at`) VALUES (2, 32, '1971-08-24 10:17:34');
INSERT INTO `communities_users` (`community_id`, `user_id`, `created_at`) VALUES (2, 42, '1971-07-07 02:55:42');
INSERT INTO `communities_users` (`community_id`, `user_id`, `created_at`) VALUES (2, 52, '1997-09-29 23:17:04');
INSERT INTO `communities_users` (`community_id`, `user_id`, `created_at`) VALUES (2, 62, '1975-11-24 11:40:02');
INSERT INTO `communities_users` (`community_id`, `user_id`, `created_at`) VALUES (2, 72, '1980-04-14 22:37:14');
INSERT INTO `communities_users` (`community_id`, `user_id`, `created_at`) VALUES (2, 82, '1997-05-24 03:55:36');
INSERT INTO `communities_users` (`community_id`, `user_id`, `created_at`) VALUES (2, 92, '1973-03-01 06:32:02');
INSERT INTO `communities_users` (`community_id`, `user_id`, `created_at`) VALUES (2, 102, '2008-09-03 09:39:44');
INSERT INTO `communities_users` (`community_id`, `user_id`, `created_at`) VALUES (3, 3, '2013-04-30 16:32:58');
INSERT INTO `communities_users` (`community_id`, `user_id`, `created_at`) VALUES (3, 13, '2009-06-17 09:11:57');
INSERT INTO `communities_users` (`community_id`, `user_id`, `created_at`) VALUES (3, 23, '2004-03-14 15:44:16');
INSERT INTO `communities_users` (`community_id`, `user_id`, `created_at`) VALUES (3, 33, '1981-12-19 06:46:57');
INSERT INTO `communities_users` (`community_id`, `user_id`, `created_at`) VALUES (3, 43, '2019-07-22 22:10:26');
INSERT INTO `communities_users` (`community_id`, `user_id`, `created_at`) VALUES (3, 53, '1985-02-16 12:49:53');
INSERT INTO `communities_users` (`community_id`, `user_id`, `created_at`) VALUES (3, 63, '1986-09-29 05:32:11');
INSERT INTO `communities_users` (`community_id`, `user_id`, `created_at`) VALUES (3, 73, '1993-10-29 09:40:26');
INSERT INTO `communities_users` (`community_id`, `user_id`, `created_at`) VALUES (3, 83, '2008-07-23 03:24:30');
INSERT INTO `communities_users` (`community_id`, `user_id`, `created_at`) VALUES (3, 93, '2016-02-01 07:15:06');
INSERT INTO `communities_users` (`community_id`, `user_id`, `created_at`) VALUES (3, 103, '1980-01-05 00:24:31');
INSERT INTO `communities_users` (`community_id`, `user_id`, `created_at`) VALUES (4, 4, '2019-04-22 20:23:11');
INSERT INTO `communities_users` (`community_id`, `user_id`, `created_at`) VALUES (4, 14, '1997-03-10 08:01:29');
INSERT INTO `communities_users` (`community_id`, `user_id`, `created_at`) VALUES (4, 24, '1973-04-23 13:04:20');
INSERT INTO `communities_users` (`community_id`, `user_id`, `created_at`) VALUES (4, 34, '1974-02-03 01:55:40');
INSERT INTO `communities_users` (`community_id`, `user_id`, `created_at`) VALUES (4, 44, '2008-02-23 11:30:05');
INSERT INTO `communities_users` (`community_id`, `user_id`, `created_at`) VALUES (4, 54, '1979-08-01 17:16:57');
INSERT INTO `communities_users` (`community_id`, `user_id`, `created_at`) VALUES (4, 64, '1988-01-08 21:10:21');
INSERT INTO `communities_users` (`community_id`, `user_id`, `created_at`) VALUES (4, 74, '1998-06-22 11:15:05');
INSERT INTO `communities_users` (`community_id`, `user_id`, `created_at`) VALUES (4, 84, '1992-02-19 00:02:00');
INSERT INTO `communities_users` (`community_id`, `user_id`, `created_at`) VALUES (4, 94, '1999-09-27 15:28:30');
INSERT INTO `communities_users` (`community_id`, `user_id`, `created_at`) VALUES (4, 104, '2012-11-15 12:03:21');
INSERT INTO `communities_users` (`community_id`, `user_id`, `created_at`) VALUES (5, 5, '1991-08-24 22:04:42');
INSERT INTO `communities_users` (`community_id`, `user_id`, `created_at`) VALUES (5, 15, '1973-09-09 08:24:50');
INSERT INTO `communities_users` (`community_id`, `user_id`, `created_at`) VALUES (5, 25, '2008-09-07 18:32:04');
INSERT INTO `communities_users` (`community_id`, `user_id`, `created_at`) VALUES (5, 35, '1976-06-19 21:26:50');
INSERT INTO `communities_users` (`community_id`, `user_id`, `created_at`) VALUES (5, 45, '1977-01-01 13:32:13');
INSERT INTO `communities_users` (`community_id`, `user_id`, `created_at`) VALUES (5, 55, '2018-06-13 19:34:58');
INSERT INTO `communities_users` (`community_id`, `user_id`, `created_at`) VALUES (5, 65, '1983-06-27 20:16:37');
INSERT INTO `communities_users` (`community_id`, `user_id`, `created_at`) VALUES (5, 75, '2015-09-08 13:08:16');
INSERT INTO `communities_users` (`community_id`, `user_id`, `created_at`) VALUES (5, 85, '2015-05-26 13:43:59');
INSERT INTO `communities_users` (`community_id`, `user_id`, `created_at`) VALUES (5, 95, '1975-07-14 13:19:30');
INSERT INTO `communities_users` (`community_id`, `user_id`, `created_at`) VALUES (5, 105, '2012-12-01 23:55:33');
INSERT INTO `communities_users` (`community_id`, `user_id`, `created_at`) VALUES (6, 6, '1985-11-05 15:06:05');
INSERT INTO `communities_users` (`community_id`, `user_id`, `created_at`) VALUES (6, 16, '2002-09-09 06:48:43');
INSERT INTO `communities_users` (`community_id`, `user_id`, `created_at`) VALUES (6, 26, '1992-07-23 19:28:47');
INSERT INTO `communities_users` (`community_id`, `user_id`, `created_at`) VALUES (6, 36, '1994-06-26 16:55:42');
INSERT INTO `communities_users` (`community_id`, `user_id`, `created_at`) VALUES (6, 46, '1978-04-02 04:45:30');
INSERT INTO `communities_users` (`community_id`, `user_id`, `created_at`) VALUES (6, 56, '2001-05-10 23:34:46');
INSERT INTO `communities_users` (`community_id`, `user_id`, `created_at`) VALUES (6, 66, '1990-04-21 20:10:59');
INSERT INTO `communities_users` (`community_id`, `user_id`, `created_at`) VALUES (6, 76, '2001-03-08 01:05:23');
INSERT INTO `communities_users` (`community_id`, `user_id`, `created_at`) VALUES (6, 86, '1977-10-30 03:19:02');
INSERT INTO `communities_users` (`community_id`, `user_id`, `created_at`) VALUES (6, 96, '1971-10-16 05:56:36');
INSERT INTO `communities_users` (`community_id`, `user_id`, `created_at`) VALUES (6, 106, '1990-01-09 16:41:48');
INSERT INTO `communities_users` (`community_id`, `user_id`, `created_at`) VALUES (7, 7, '2001-12-13 02:53:27');
INSERT INTO `communities_users` (`community_id`, `user_id`, `created_at`) VALUES (7, 17, '1971-08-21 13:49:53');
INSERT INTO `communities_users` (`community_id`, `user_id`, `created_at`) VALUES (7, 27, '2017-04-28 14:02:46');
INSERT INTO `communities_users` (`community_id`, `user_id`, `created_at`) VALUES (7, 37, '2016-02-18 04:53:12');
INSERT INTO `communities_users` (`community_id`, `user_id`, `created_at`) VALUES (7, 47, '1984-11-01 01:03:22');
INSERT INTO `communities_users` (`community_id`, `user_id`, `created_at`) VALUES (7, 57, '2002-05-27 18:13:23');
INSERT INTO `communities_users` (`community_id`, `user_id`, `created_at`) VALUES (7, 67, '1985-07-04 12:14:43');
INSERT INTO `communities_users` (`community_id`, `user_id`, `created_at`) VALUES (7, 77, '1982-04-02 23:13:34');
INSERT INTO `communities_users` (`community_id`, `user_id`, `created_at`) VALUES (7, 87, '2013-06-04 12:27:49');
INSERT INTO `communities_users` (`community_id`, `user_id`, `created_at`) VALUES (7, 97, '1998-09-26 20:14:56');
INSERT INTO `communities_users` (`community_id`, `user_id`, `created_at`) VALUES (7, 107, '1993-03-20 19:01:53');
INSERT INTO `communities_users` (`community_id`, `user_id`, `created_at`) VALUES (8, 8, '1990-06-13 20:54:25');
INSERT INTO `communities_users` (`community_id`, `user_id`, `created_at`) VALUES (8, 18, '1970-06-09 23:46:23');
INSERT INTO `communities_users` (`community_id`, `user_id`, `created_at`) VALUES (8, 28, '2008-12-02 14:58:05');
INSERT INTO `communities_users` (`community_id`, `user_id`, `created_at`) VALUES (8, 38, '1978-11-13 02:11:16');
INSERT INTO `communities_users` (`community_id`, `user_id`, `created_at`) VALUES (8, 48, '2018-12-28 04:22:51');
INSERT INTO `communities_users` (`community_id`, `user_id`, `created_at`) VALUES (8, 58, '2009-07-16 11:55:01');
INSERT INTO `communities_users` (`community_id`, `user_id`, `created_at`) VALUES (8, 68, '2001-01-23 21:41:52');
INSERT INTO `communities_users` (`community_id`, `user_id`, `created_at`) VALUES (8, 78, '1997-03-17 06:50:05');
INSERT INTO `communities_users` (`community_id`, `user_id`, `created_at`) VALUES (8, 88, '1994-04-25 17:47:37');
INSERT INTO `communities_users` (`community_id`, `user_id`, `created_at`) VALUES (8, 98, '2002-06-17 20:52:30');
INSERT INTO `communities_users` (`community_id`, `user_id`, `created_at`) VALUES (8, 108, '1990-02-13 00:55:41');
INSERT INTO `communities_users` (`community_id`, `user_id`, `created_at`) VALUES (9, 9, '1974-08-16 06:33:43');
INSERT INTO `communities_users` (`community_id`, `user_id`, `created_at`) VALUES (9, 19, '1988-05-09 00:04:44');
INSERT INTO `communities_users` (`community_id`, `user_id`, `created_at`) VALUES (9, 29, '1972-01-21 09:29:58');
INSERT INTO `communities_users` (`community_id`, `user_id`, `created_at`) VALUES (9, 39, '2005-05-31 15:30:35');
INSERT INTO `communities_users` (`community_id`, `user_id`, `created_at`) VALUES (9, 49, '1989-01-13 21:49:17');
INSERT INTO `communities_users` (`community_id`, `user_id`, `created_at`) VALUES (9, 59, '1978-04-09 19:45:22');
INSERT INTO `communities_users` (`community_id`, `user_id`, `created_at`) VALUES (9, 69, '1992-06-15 01:44:08');
INSERT INTO `communities_users` (`community_id`, `user_id`, `created_at`) VALUES (9, 79, '2006-09-15 00:28:05');
INSERT INTO `communities_users` (`community_id`, `user_id`, `created_at`) VALUES (9, 89, '1996-03-08 09:58:30');
INSERT INTO `communities_users` (`community_id`, `user_id`, `created_at`) VALUES (9, 99, '1999-06-28 11:42:07');
INSERT INTO `communities_users` (`community_id`, `user_id`, `created_at`) VALUES (9, 109, '2005-03-11 22:30:20');
INSERT INTO `communities_users` (`community_id`, `user_id`, `created_at`) VALUES (10, 10, '2006-08-14 01:46:37');
INSERT INTO `communities_users` (`community_id`, `user_id`, `created_at`) VALUES (10, 20, '2018-01-24 08:19:59');
INSERT INTO `communities_users` (`community_id`, `user_id`, `created_at`) VALUES (10, 30, '1991-05-10 23:52:39');
INSERT INTO `communities_users` (`community_id`, `user_id`, `created_at`) VALUES (10, 40, '2002-09-27 05:40:54');
INSERT INTO `communities_users` (`community_id`, `user_id`, `created_at`) VALUES (10, 50, '1994-04-09 22:29:00');
INSERT INTO `communities_users` (`community_id`, `user_id`, `created_at`) VALUES (10, 60, '2015-04-06 08:32:44');
INSERT INTO `communities_users` (`community_id`, `user_id`, `created_at`) VALUES (10, 70, '1973-07-04 15:43:14');
INSERT INTO `communities_users` (`community_id`, `user_id`, `created_at`) VALUES (10, 80, '1981-08-21 05:06:45');
INSERT INTO `communities_users` (`community_id`, `user_id`, `created_at`) VALUES (10, 90, '2003-06-20 06:44:47');
INSERT INTO `communities_users` (`community_id`, `user_id`, `created_at`) VALUES (10, 100, '1999-12-17 07:22:46');
INSERT INTO `communities_users` (`community_id`, `user_id`, `created_at`) VALUES (10, 110, '1976-07-27 22:23:28');


#
# TABLE STRUCTURE FOR: friendship
#

DROP TABLE IF EXISTS `friendship`;

CREATE TABLE `friendship` (
  `user_id` int(10) unsigned NOT NULL COMMENT 'Ссылка на инициатора дружеских отношений',
  `friend_id` int(10) unsigned NOT NULL COMMENT 'Ссылка на получателя приглашения дружить',
  `status_id` int(10) unsigned NOT NULL COMMENT 'Ссылка на статус (текущее состояние) отношений',
  `requested_at` datetime DEFAULT current_timestamp() COMMENT 'Время отправления приглашения дружить',
  `confirmed_at` datetime DEFAULT NULL COMMENT 'Время подтверждения приглашения',
  `created_at` datetime DEFAULT current_timestamp() COMMENT 'Время создания строки',
  `updated_at` datetime DEFAULT current_timestamp() ON UPDATE current_timestamp() COMMENT 'Время обновления строки',
  PRIMARY KEY (`user_id`,`friend_id`) COMMENT 'Составной первичный ключ'
) ENGINE=InnoDB DEFAULT CHARSET=utf8 COLLATE=utf8_unicode_ci COMMENT='Таблица дружбы';

INSERT INTO `friendship` (`user_id`, `friend_id`, `status_id`, `requested_at`, `confirmed_at`, `created_at`, `updated_at`) VALUES (1, 1, 1, '2000-05-25 09:21:45', '1972-07-20 00:37:55', '1987-04-29 11:37:18', '1984-07-22 18:46:20');
INSERT INTO `friendship` (`user_id`, `friend_id`, `status_id`, `requested_at`, `confirmed_at`, `created_at`, `updated_at`) VALUES (2, 2, 2, '1982-03-11 06:48:18', '1982-07-27 11:21:16', '2015-07-02 18:43:27', '2001-05-15 07:51:05');
INSERT INTO `friendship` (`user_id`, `friend_id`, `status_id`, `requested_at`, `confirmed_at`, `created_at`, `updated_at`) VALUES (3, 3, 3, '1974-07-16 06:06:02', '1985-08-03 13:10:57', '1983-10-28 13:16:48', '2004-10-17 23:36:04');
INSERT INTO `friendship` (`user_id`, `friend_id`, `status_id`, `requested_at`, `confirmed_at`, `created_at`, `updated_at`) VALUES (4, 4, 4, '2005-08-24 23:36:15', '1981-01-15 09:08:09', '2010-06-22 00:40:08', '1983-02-17 14:25:14');
INSERT INTO `friendship` (`user_id`, `friend_id`, `status_id`, `requested_at`, `confirmed_at`, `created_at`, `updated_at`) VALUES (5, 5, 5, '2001-05-17 18:50:30', '1995-02-16 04:29:05', '2012-12-31 06:13:45', '1983-05-13 06:43:10');
INSERT INTO `friendship` (`user_id`, `friend_id`, `status_id`, `requested_at`, `confirmed_at`, `created_at`, `updated_at`) VALUES (6, 6, 1, '1980-12-13 13:07:26', '2000-06-11 09:09:43', '2003-09-11 12:37:44', '1984-09-26 10:19:58');
INSERT INTO `friendship` (`user_id`, `friend_id`, `status_id`, `requested_at`, `confirmed_at`, `created_at`, `updated_at`) VALUES (7, 7, 2, '1982-07-12 03:57:00', '2000-07-08 23:39:07', '2019-01-26 15:40:48', '2002-03-23 16:20:17');
INSERT INTO `friendship` (`user_id`, `friend_id`, `status_id`, `requested_at`, `confirmed_at`, `created_at`, `updated_at`) VALUES (8, 8, 3, '2017-09-28 03:43:32', '1996-11-28 19:30:10', '2016-04-30 09:33:05', '1973-01-27 17:17:52');
INSERT INTO `friendship` (`user_id`, `friend_id`, `status_id`, `requested_at`, `confirmed_at`, `created_at`, `updated_at`) VALUES (9, 9, 4, '2019-03-21 11:57:39', '2002-03-12 07:30:12', '2003-10-18 15:36:10', '2013-08-31 11:37:23');
INSERT INTO `friendship` (`user_id`, `friend_id`, `status_id`, `requested_at`, `confirmed_at`, `created_at`, `updated_at`) VALUES (10, 10, 5, '2010-03-09 18:01:37', '1973-11-17 03:38:18', '1999-05-07 01:09:01', '1986-09-23 04:51:00');
INSERT INTO `friendship` (`user_id`, `friend_id`, `status_id`, `requested_at`, `confirmed_at`, `created_at`, `updated_at`) VALUES (11, 11, 1, '1977-10-15 19:25:19', '2010-01-14 19:16:47', '2019-06-23 22:24:44', '1990-11-19 05:06:24');
INSERT INTO `friendship` (`user_id`, `friend_id`, `status_id`, `requested_at`, `confirmed_at`, `created_at`, `updated_at`) VALUES (12, 12, 2, '1989-04-16 14:25:56', '1988-07-22 04:14:50', '2006-05-16 23:33:11', '1981-05-16 04:28:39');
INSERT INTO `friendship` (`user_id`, `friend_id`, `status_id`, `requested_at`, `confirmed_at`, `created_at`, `updated_at`) VALUES (13, 13, 3, '2007-02-23 06:35:31', '1997-07-22 19:46:53', '1996-01-24 01:26:05', '2011-04-03 06:12:10');
INSERT INTO `friendship` (`user_id`, `friend_id`, `status_id`, `requested_at`, `confirmed_at`, `created_at`, `updated_at`) VALUES (14, 14, 4, '2010-06-16 19:01:59', '2001-01-13 04:05:14', '1996-12-27 02:45:19', '1978-03-27 00:30:17');
INSERT INTO `friendship` (`user_id`, `friend_id`, `status_id`, `requested_at`, `confirmed_at`, `created_at`, `updated_at`) VALUES (15, 15, 5, '1981-04-19 04:50:46', '1995-05-22 00:00:00', '2006-04-24 09:26:31', '1996-01-03 14:03:09');
INSERT INTO `friendship` (`user_id`, `friend_id`, `status_id`, `requested_at`, `confirmed_at`, `created_at`, `updated_at`) VALUES (16, 16, 1, '1977-12-19 13:14:58', '2017-10-08 11:01:42', '2017-08-16 21:40:43', '1984-09-13 22:09:05');
INSERT INTO `friendship` (`user_id`, `friend_id`, `status_id`, `requested_at`, `confirmed_at`, `created_at`, `updated_at`) VALUES (17, 17, 2, '1995-04-23 20:00:41', '1973-12-25 14:09:20', '2012-11-30 20:19:26', '1992-03-15 08:57:44');
INSERT INTO `friendship` (`user_id`, `friend_id`, `status_id`, `requested_at`, `confirmed_at`, `created_at`, `updated_at`) VALUES (18, 18, 3, '2004-09-25 22:14:41', '1975-01-12 21:14:34', '2007-09-28 08:43:26', '2005-12-01 14:30:19');
INSERT INTO `friendship` (`user_id`, `friend_id`, `status_id`, `requested_at`, `confirmed_at`, `created_at`, `updated_at`) VALUES (19, 19, 4, '1971-05-01 01:51:10', '1984-02-02 08:35:56', '1993-05-21 01:58:46', '2000-12-03 12:24:25');
INSERT INTO `friendship` (`user_id`, `friend_id`, `status_id`, `requested_at`, `confirmed_at`, `created_at`, `updated_at`) VALUES (20, 20, 5, '2012-07-07 06:15:27', '2018-03-13 20:55:00', '1997-09-23 14:34:51', '2016-09-18 13:02:23');
INSERT INTO `friendship` (`user_id`, `friend_id`, `status_id`, `requested_at`, `confirmed_at`, `created_at`, `updated_at`) VALUES (21, 21, 1, '2014-02-26 07:48:09', '2012-11-15 07:48:11', '2009-04-02 09:26:12', '1998-11-14 09:13:14');
INSERT INTO `friendship` (`user_id`, `friend_id`, `status_id`, `requested_at`, `confirmed_at`, `created_at`, `updated_at`) VALUES (22, 22, 2, '2019-07-05 06:37:17', '2012-03-31 14:17:41', '1976-03-02 07:10:15', '1982-06-02 19:09:33');
INSERT INTO `friendship` (`user_id`, `friend_id`, `status_id`, `requested_at`, `confirmed_at`, `created_at`, `updated_at`) VALUES (23, 23, 3, '1984-11-24 14:11:33', '2006-12-22 17:56:25', '1994-09-08 00:59:04', '2006-11-24 00:51:10');
INSERT INTO `friendship` (`user_id`, `friend_id`, `status_id`, `requested_at`, `confirmed_at`, `created_at`, `updated_at`) VALUES (24, 24, 4, '1972-10-04 22:32:01', '2015-06-18 04:03:59', '2003-10-23 16:13:28', '1998-09-16 14:45:15');
INSERT INTO `friendship` (`user_id`, `friend_id`, `status_id`, `requested_at`, `confirmed_at`, `created_at`, `updated_at`) VALUES (25, 25, 5, '2011-08-29 22:39:14', '1985-12-02 16:14:40', '1998-02-05 05:03:54', '1978-06-23 12:46:34');
INSERT INTO `friendship` (`user_id`, `friend_id`, `status_id`, `requested_at`, `confirmed_at`, `created_at`, `updated_at`) VALUES (26, 26, 1, '1999-06-21 18:18:53', '1984-06-06 08:31:44', '2014-12-08 22:04:07', '2017-04-21 03:51:18');
INSERT INTO `friendship` (`user_id`, `friend_id`, `status_id`, `requested_at`, `confirmed_at`, `created_at`, `updated_at`) VALUES (27, 27, 2, '2003-02-03 11:56:42', '2004-09-17 17:21:46', '1975-07-10 03:45:47', '1998-09-19 00:58:05');
INSERT INTO `friendship` (`user_id`, `friend_id`, `status_id`, `requested_at`, `confirmed_at`, `created_at`, `updated_at`) VALUES (28, 28, 3, '2009-02-04 08:03:18', '1974-06-25 06:21:22', '1995-04-17 05:45:45', '1991-07-17 14:56:53');
INSERT INTO `friendship` (`user_id`, `friend_id`, `status_id`, `requested_at`, `confirmed_at`, `created_at`, `updated_at`) VALUES (29, 29, 4, '1988-04-26 14:18:31', '2015-08-19 05:56:12', '2017-05-02 01:29:16', '1978-07-15 21:43:17');
INSERT INTO `friendship` (`user_id`, `friend_id`, `status_id`, `requested_at`, `confirmed_at`, `created_at`, `updated_at`) VALUES (30, 30, 5, '2010-04-25 18:05:54', '2001-02-01 23:26:52', '1974-09-12 21:26:19', '1991-04-26 05:34:37');
INSERT INTO `friendship` (`user_id`, `friend_id`, `status_id`, `requested_at`, `confirmed_at`, `created_at`, `updated_at`) VALUES (31, 31, 1, '1973-12-07 10:26:08', '1988-03-11 19:34:08', '2010-03-10 19:34:27', '1996-06-11 08:12:49');
INSERT INTO `friendship` (`user_id`, `friend_id`, `status_id`, `requested_at`, `confirmed_at`, `created_at`, `updated_at`) VALUES (32, 32, 2, '2016-02-04 15:16:55', '1992-04-09 13:51:30', '2015-03-08 14:36:09', '1988-06-04 17:29:51');
INSERT INTO `friendship` (`user_id`, `friend_id`, `status_id`, `requested_at`, `confirmed_at`, `created_at`, `updated_at`) VALUES (33, 33, 3, '2004-11-30 23:54:01', '2013-06-02 02:58:53', '1989-05-05 18:12:44', '1979-01-16 19:39:46');
INSERT INTO `friendship` (`user_id`, `friend_id`, `status_id`, `requested_at`, `confirmed_at`, `created_at`, `updated_at`) VALUES (34, 34, 4, '1996-07-27 20:00:58', '2016-06-09 19:47:30', '2020-01-12 03:45:54', '2016-03-06 06:24:13');
INSERT INTO `friendship` (`user_id`, `friend_id`, `status_id`, `requested_at`, `confirmed_at`, `created_at`, `updated_at`) VALUES (35, 35, 5, '1984-06-06 23:54:44', '2015-11-30 16:37:23', '2019-06-17 07:28:24', '1987-01-24 09:06:10');
INSERT INTO `friendship` (`user_id`, `friend_id`, `status_id`, `requested_at`, `confirmed_at`, `created_at`, `updated_at`) VALUES (36, 36, 1, '1972-10-01 13:55:40', '2009-01-16 02:09:55', '2006-12-21 06:37:31', '1971-05-08 23:35:45');
INSERT INTO `friendship` (`user_id`, `friend_id`, `status_id`, `requested_at`, `confirmed_at`, `created_at`, `updated_at`) VALUES (37, 37, 2, '1989-11-08 10:25:02', '1983-07-30 09:10:35', '1979-08-18 14:30:07', '2017-02-12 22:55:34');
INSERT INTO `friendship` (`user_id`, `friend_id`, `status_id`, `requested_at`, `confirmed_at`, `created_at`, `updated_at`) VALUES (38, 38, 3, '2007-09-10 05:36:52', '1976-12-19 15:59:32', '1981-04-12 14:38:02', '1995-09-02 11:58:20');
INSERT INTO `friendship` (`user_id`, `friend_id`, `status_id`, `requested_at`, `confirmed_at`, `created_at`, `updated_at`) VALUES (39, 39, 4, '1997-07-18 10:05:11', '1991-08-02 10:25:25', '1971-08-17 17:16:41', '1990-01-11 11:44:22');
INSERT INTO `friendship` (`user_id`, `friend_id`, `status_id`, `requested_at`, `confirmed_at`, `created_at`, `updated_at`) VALUES (40, 40, 5, '1974-03-26 12:37:05', '1974-06-08 04:40:02', '1995-07-04 05:28:40', '2009-07-16 12:58:08');
INSERT INTO `friendship` (`user_id`, `friend_id`, `status_id`, `requested_at`, `confirmed_at`, `created_at`, `updated_at`) VALUES (41, 41, 1, '2019-04-13 04:05:15', '2001-07-03 06:53:58', '2000-11-13 15:02:48', '2016-02-08 08:09:47');
INSERT INTO `friendship` (`user_id`, `friend_id`, `status_id`, `requested_at`, `confirmed_at`, `created_at`, `updated_at`) VALUES (42, 42, 2, '1974-02-24 04:36:16', '2003-07-05 07:35:52', '2005-04-16 02:48:59', '2001-07-30 23:29:31');
INSERT INTO `friendship` (`user_id`, `friend_id`, `status_id`, `requested_at`, `confirmed_at`, `created_at`, `updated_at`) VALUES (43, 43, 3, '2005-06-30 18:20:12', '1990-03-02 17:04:21', '1973-05-23 00:13:31', '1982-02-15 17:19:41');
INSERT INTO `friendship` (`user_id`, `friend_id`, `status_id`, `requested_at`, `confirmed_at`, `created_at`, `updated_at`) VALUES (44, 44, 4, '1985-08-28 18:37:39', '2018-12-06 21:34:40', '1986-12-05 13:23:17', '2001-12-24 05:35:49');
INSERT INTO `friendship` (`user_id`, `friend_id`, `status_id`, `requested_at`, `confirmed_at`, `created_at`, `updated_at`) VALUES (45, 45, 5, '1970-10-06 11:40:51', '1979-04-14 13:27:29', '2012-02-02 12:46:21', '1989-04-25 10:48:43');
INSERT INTO `friendship` (`user_id`, `friend_id`, `status_id`, `requested_at`, `confirmed_at`, `created_at`, `updated_at`) VALUES (46, 46, 1, '1972-04-29 07:32:52', '2002-12-15 15:52:51', '1975-11-26 20:23:07', '2007-08-01 11:04:05');
INSERT INTO `friendship` (`user_id`, `friend_id`, `status_id`, `requested_at`, `confirmed_at`, `created_at`, `updated_at`) VALUES (47, 47, 2, '2009-08-31 15:59:07', '1993-03-11 18:27:32', '1999-02-08 11:43:38', '2010-11-07 01:05:13');
INSERT INTO `friendship` (`user_id`, `friend_id`, `status_id`, `requested_at`, `confirmed_at`, `created_at`, `updated_at`) VALUES (48, 48, 3, '1975-10-19 03:42:27', '1970-11-23 17:49:34', '2012-06-06 12:51:42', '1986-01-14 23:28:41');
INSERT INTO `friendship` (`user_id`, `friend_id`, `status_id`, `requested_at`, `confirmed_at`, `created_at`, `updated_at`) VALUES (49, 49, 4, '1987-01-17 16:05:20', '2006-11-09 21:37:09', '1993-12-25 01:19:26', '1984-01-10 07:54:32');
INSERT INTO `friendship` (`user_id`, `friend_id`, `status_id`, `requested_at`, `confirmed_at`, `created_at`, `updated_at`) VALUES (50, 50, 5, '1977-04-09 10:59:01', '2005-03-21 10:36:19', '1972-03-05 09:59:05', '2002-03-27 08:56:28');
INSERT INTO `friendship` (`user_id`, `friend_id`, `status_id`, `requested_at`, `confirmed_at`, `created_at`, `updated_at`) VALUES (51, 51, 1, '2007-02-09 20:23:14', '1982-02-14 04:08:10', '2004-12-08 20:16:11', '1971-11-26 22:52:11');
INSERT INTO `friendship` (`user_id`, `friend_id`, `status_id`, `requested_at`, `confirmed_at`, `created_at`, `updated_at`) VALUES (52, 52, 2, '2001-12-14 07:47:04', '1970-02-24 12:26:12', '1995-05-30 13:22:22', '1987-05-20 00:01:05');
INSERT INTO `friendship` (`user_id`, `friend_id`, `status_id`, `requested_at`, `confirmed_at`, `created_at`, `updated_at`) VALUES (53, 53, 3, '1990-08-05 22:17:06', '1983-09-27 10:39:16', '1991-12-14 20:36:20', '1971-01-19 10:48:04');
INSERT INTO `friendship` (`user_id`, `friend_id`, `status_id`, `requested_at`, `confirmed_at`, `created_at`, `updated_at`) VALUES (54, 54, 4, '1988-04-28 13:57:36', '1973-10-09 07:07:50', '2011-02-01 01:48:14', '2001-11-24 02:16:33');
INSERT INTO `friendship` (`user_id`, `friend_id`, `status_id`, `requested_at`, `confirmed_at`, `created_at`, `updated_at`) VALUES (55, 55, 5, '1975-12-26 10:12:22', '1973-09-29 03:47:05', '2010-09-05 05:57:55', '1988-12-01 12:47:16');
INSERT INTO `friendship` (`user_id`, `friend_id`, `status_id`, `requested_at`, `confirmed_at`, `created_at`, `updated_at`) VALUES (56, 56, 1, '2020-02-28 12:31:41', '1973-12-15 17:19:10', '2003-08-18 12:25:36', '1979-11-07 12:50:36');
INSERT INTO `friendship` (`user_id`, `friend_id`, `status_id`, `requested_at`, `confirmed_at`, `created_at`, `updated_at`) VALUES (57, 57, 2, '2009-10-11 20:59:01', '2005-07-26 19:25:11', '2017-07-10 07:02:54', '1994-10-04 13:27:45');
INSERT INTO `friendship` (`user_id`, `friend_id`, `status_id`, `requested_at`, `confirmed_at`, `created_at`, `updated_at`) VALUES (58, 58, 3, '1978-09-21 06:08:39', '1990-10-07 17:17:35', '2015-11-23 12:33:28', '1976-01-10 18:18:43');
INSERT INTO `friendship` (`user_id`, `friend_id`, `status_id`, `requested_at`, `confirmed_at`, `created_at`, `updated_at`) VALUES (59, 59, 4, '1991-12-27 21:07:42', '1975-12-21 17:24:39', '1987-02-23 15:47:38', '2016-07-31 15:46:41');
INSERT INTO `friendship` (`user_id`, `friend_id`, `status_id`, `requested_at`, `confirmed_at`, `created_at`, `updated_at`) VALUES (60, 60, 5, '1994-09-18 02:00:15', '1978-11-25 11:59:29', '1986-02-20 13:18:45', '1982-07-30 06:15:26');
INSERT INTO `friendship` (`user_id`, `friend_id`, `status_id`, `requested_at`, `confirmed_at`, `created_at`, `updated_at`) VALUES (61, 61, 1, '1977-11-17 10:24:22', '2009-02-03 05:51:46', '1984-03-06 07:06:12', '1972-08-06 01:28:44');
INSERT INTO `friendship` (`user_id`, `friend_id`, `status_id`, `requested_at`, `confirmed_at`, `created_at`, `updated_at`) VALUES (62, 62, 2, '1999-01-29 01:44:09', '1983-12-14 07:14:15', '1997-10-26 10:31:17', '2002-06-19 01:19:11');
INSERT INTO `friendship` (`user_id`, `friend_id`, `status_id`, `requested_at`, `confirmed_at`, `created_at`, `updated_at`) VALUES (63, 63, 3, '1994-09-08 06:31:15', '2002-09-30 20:36:33', '1998-12-15 20:43:18', '1995-01-08 17:10:14');
INSERT INTO `friendship` (`user_id`, `friend_id`, `status_id`, `requested_at`, `confirmed_at`, `created_at`, `updated_at`) VALUES (64, 64, 4, '2008-01-06 16:20:58', '1993-07-19 02:42:06', '2013-01-28 16:10:02', '1995-07-23 10:10:28');
INSERT INTO `friendship` (`user_id`, `friend_id`, `status_id`, `requested_at`, `confirmed_at`, `created_at`, `updated_at`) VALUES (65, 65, 5, '1975-08-23 17:58:34', '1994-05-24 02:22:12', '2009-10-22 06:16:38', '1975-04-28 23:20:15');
INSERT INTO `friendship` (`user_id`, `friend_id`, `status_id`, `requested_at`, `confirmed_at`, `created_at`, `updated_at`) VALUES (66, 66, 1, '2002-02-06 00:14:28', '2017-06-03 08:05:15', '2000-08-24 15:55:47', '1970-06-13 18:58:46');
INSERT INTO `friendship` (`user_id`, `friend_id`, `status_id`, `requested_at`, `confirmed_at`, `created_at`, `updated_at`) VALUES (67, 67, 2, '2015-06-07 08:49:24', '1985-11-17 14:36:15', '1978-03-17 13:17:29', '1997-04-14 11:55:50');
INSERT INTO `friendship` (`user_id`, `friend_id`, `status_id`, `requested_at`, `confirmed_at`, `created_at`, `updated_at`) VALUES (68, 68, 3, '2008-05-09 23:01:24', '1975-03-30 22:51:30', '2001-03-13 18:30:58', '1989-12-23 01:27:14');
INSERT INTO `friendship` (`user_id`, `friend_id`, `status_id`, `requested_at`, `confirmed_at`, `created_at`, `updated_at`) VALUES (69, 69, 4, '1977-08-12 11:35:55', '1978-09-17 08:12:36', '2000-05-06 08:32:57', '2003-12-18 02:28:42');
INSERT INTO `friendship` (`user_id`, `friend_id`, `status_id`, `requested_at`, `confirmed_at`, `created_at`, `updated_at`) VALUES (70, 70, 5, '2005-06-08 18:10:45', '2014-10-29 14:17:54', '1971-11-23 13:39:06', '2013-06-17 05:34:45');
INSERT INTO `friendship` (`user_id`, `friend_id`, `status_id`, `requested_at`, `confirmed_at`, `created_at`, `updated_at`) VALUES (71, 71, 1, '2004-09-20 11:57:16', '1991-11-03 16:09:12', '2013-03-16 23:33:49', '1986-11-30 12:12:28');
INSERT INTO `friendship` (`user_id`, `friend_id`, `status_id`, `requested_at`, `confirmed_at`, `created_at`, `updated_at`) VALUES (72, 72, 2, '2005-11-29 23:35:52', '1992-04-17 13:45:37', '2015-09-22 00:33:00', '1984-09-04 18:42:52');
INSERT INTO `friendship` (`user_id`, `friend_id`, `status_id`, `requested_at`, `confirmed_at`, `created_at`, `updated_at`) VALUES (73, 73, 3, '1976-12-07 23:45:22', '2015-11-01 10:32:14', '2019-06-05 14:23:23', '2020-03-25 20:27:08');
INSERT INTO `friendship` (`user_id`, `friend_id`, `status_id`, `requested_at`, `confirmed_at`, `created_at`, `updated_at`) VALUES (74, 74, 4, '1972-08-12 01:18:23', '1983-05-14 22:06:20', '1987-06-11 09:29:53', '2006-12-05 13:26:03');
INSERT INTO `friendship` (`user_id`, `friend_id`, `status_id`, `requested_at`, `confirmed_at`, `created_at`, `updated_at`) VALUES (75, 75, 5, '1975-09-08 21:31:51', '1995-01-02 21:10:02', '2003-08-31 16:19:35', '2003-12-27 20:44:33');
INSERT INTO `friendship` (`user_id`, `friend_id`, `status_id`, `requested_at`, `confirmed_at`, `created_at`, `updated_at`) VALUES (76, 76, 1, '2017-09-18 15:12:46', '1992-12-30 13:41:42', '1986-09-01 04:49:07', '1980-06-25 20:50:22');
INSERT INTO `friendship` (`user_id`, `friend_id`, `status_id`, `requested_at`, `confirmed_at`, `created_at`, `updated_at`) VALUES (77, 77, 2, '1977-02-24 03:35:22', '2004-01-31 23:09:47', '1994-03-24 01:21:14', '2010-01-20 17:04:17');
INSERT INTO `friendship` (`user_id`, `friend_id`, `status_id`, `requested_at`, `confirmed_at`, `created_at`, `updated_at`) VALUES (78, 78, 3, '1982-03-28 21:16:38', '1993-04-21 21:32:23', '1977-12-22 03:03:54', '2006-07-19 02:32:57');
INSERT INTO `friendship` (`user_id`, `friend_id`, `status_id`, `requested_at`, `confirmed_at`, `created_at`, `updated_at`) VALUES (79, 79, 4, '1975-08-11 22:47:53', '2006-07-03 21:21:33', '1981-01-22 00:25:42', '1984-01-17 11:12:18');
INSERT INTO `friendship` (`user_id`, `friend_id`, `status_id`, `requested_at`, `confirmed_at`, `created_at`, `updated_at`) VALUES (80, 80, 5, '1985-10-07 12:35:38', '1993-04-02 02:07:33', '2002-12-11 03:56:01', '1992-04-06 04:14:09');
INSERT INTO `friendship` (`user_id`, `friend_id`, `status_id`, `requested_at`, `confirmed_at`, `created_at`, `updated_at`) VALUES (81, 81, 1, '1974-10-04 15:46:40', '1980-12-19 09:25:54', '2017-03-26 17:51:06', '2014-05-10 09:04:14');
INSERT INTO `friendship` (`user_id`, `friend_id`, `status_id`, `requested_at`, `confirmed_at`, `created_at`, `updated_at`) VALUES (82, 82, 2, '1981-06-10 04:44:31', '2016-07-20 16:13:23', '1983-07-28 12:16:32', '2004-02-24 13:12:11');
INSERT INTO `friendship` (`user_id`, `friend_id`, `status_id`, `requested_at`, `confirmed_at`, `created_at`, `updated_at`) VALUES (83, 83, 3, '2008-11-03 07:07:45', '1989-02-23 12:44:28', '2017-04-09 18:49:34', '2017-04-18 22:13:33');
INSERT INTO `friendship` (`user_id`, `friend_id`, `status_id`, `requested_at`, `confirmed_at`, `created_at`, `updated_at`) VALUES (84, 84, 4, '2007-05-11 03:01:32', '1992-09-09 23:33:08', '2003-03-23 20:57:24', '1988-05-05 14:04:14');
INSERT INTO `friendship` (`user_id`, `friend_id`, `status_id`, `requested_at`, `confirmed_at`, `created_at`, `updated_at`) VALUES (85, 85, 5, '1977-01-01 03:47:14', '1996-02-06 00:15:38', '2006-06-21 06:11:34', '1994-04-15 23:10:10');
INSERT INTO `friendship` (`user_id`, `friend_id`, `status_id`, `requested_at`, `confirmed_at`, `created_at`, `updated_at`) VALUES (86, 86, 1, '1990-07-18 03:43:46', '1983-03-10 19:41:17', '1988-03-08 16:19:32', '1971-12-28 07:41:05');
INSERT INTO `friendship` (`user_id`, `friend_id`, `status_id`, `requested_at`, `confirmed_at`, `created_at`, `updated_at`) VALUES (87, 87, 2, '2010-01-20 03:40:06', '2002-06-12 16:54:27', '2000-11-01 11:07:59', '2012-04-17 12:39:42');
INSERT INTO `friendship` (`user_id`, `friend_id`, `status_id`, `requested_at`, `confirmed_at`, `created_at`, `updated_at`) VALUES (88, 88, 3, '1991-07-15 10:53:27', '1982-12-03 23:01:41', '1980-10-10 02:56:19', '2013-10-23 14:44:48');
INSERT INTO `friendship` (`user_id`, `friend_id`, `status_id`, `requested_at`, `confirmed_at`, `created_at`, `updated_at`) VALUES (89, 89, 4, '2018-12-01 23:19:49', '2003-11-01 21:07:34', '2010-02-12 21:26:56', '2015-07-26 08:42:19');
INSERT INTO `friendship` (`user_id`, `friend_id`, `status_id`, `requested_at`, `confirmed_at`, `created_at`, `updated_at`) VALUES (90, 90, 5, '2015-12-18 06:12:24', '2012-06-06 00:40:23', '2010-08-01 08:50:47', '1978-11-26 13:48:05');
INSERT INTO `friendship` (`user_id`, `friend_id`, `status_id`, `requested_at`, `confirmed_at`, `created_at`, `updated_at`) VALUES (91, 91, 1, '1982-07-16 10:06:01', '2006-01-26 18:12:29', '1984-02-12 22:05:18', '2009-09-22 12:45:42');
INSERT INTO `friendship` (`user_id`, `friend_id`, `status_id`, `requested_at`, `confirmed_at`, `created_at`, `updated_at`) VALUES (92, 92, 2, '1992-09-11 23:54:10', '1978-10-29 21:59:28', '2018-08-03 05:36:21', '1973-12-06 12:37:28');
INSERT INTO `friendship` (`user_id`, `friend_id`, `status_id`, `requested_at`, `confirmed_at`, `created_at`, `updated_at`) VALUES (93, 93, 3, '1984-10-13 05:52:07', '2016-06-10 05:35:01', '1994-05-16 11:15:38', '1982-10-30 18:38:02');
INSERT INTO `friendship` (`user_id`, `friend_id`, `status_id`, `requested_at`, `confirmed_at`, `created_at`, `updated_at`) VALUES (94, 94, 4, '2004-03-14 19:01:53', '2001-11-18 23:55:09', '1984-11-14 21:41:27', '1997-08-22 21:04:14');
INSERT INTO `friendship` (`user_id`, `friend_id`, `status_id`, `requested_at`, `confirmed_at`, `created_at`, `updated_at`) VALUES (95, 95, 5, '1987-02-17 09:09:36', '1981-12-08 15:38:31', '1998-05-06 10:04:09', '2013-03-22 12:54:21');
INSERT INTO `friendship` (`user_id`, `friend_id`, `status_id`, `requested_at`, `confirmed_at`, `created_at`, `updated_at`) VALUES (96, 96, 1, '2017-11-10 22:50:53', '1974-04-20 04:21:16', '1997-12-19 06:32:43', '1978-07-03 10:31:07');
INSERT INTO `friendship` (`user_id`, `friend_id`, `status_id`, `requested_at`, `confirmed_at`, `created_at`, `updated_at`) VALUES (97, 97, 2, '2018-08-28 00:55:20', '1984-05-18 01:02:08', '1970-09-12 10:08:03', '1984-09-27 20:02:35');
INSERT INTO `friendship` (`user_id`, `friend_id`, `status_id`, `requested_at`, `confirmed_at`, `created_at`, `updated_at`) VALUES (98, 98, 3, '2008-06-18 19:16:12', '2004-12-19 15:30:49', '1977-07-12 08:22:20', '1990-05-16 17:11:12');
INSERT INTO `friendship` (`user_id`, `friend_id`, `status_id`, `requested_at`, `confirmed_at`, `created_at`, `updated_at`) VALUES (99, 99, 4, '1990-06-13 09:32:57', '1992-06-01 22:31:52', '1981-10-12 10:10:20', '2016-05-24 12:13:11');
INSERT INTO `friendship` (`user_id`, `friend_id`, `status_id`, `requested_at`, `confirmed_at`, `created_at`, `updated_at`) VALUES (100, 100, 5, '2019-01-15 04:35:09', '1996-03-31 19:49:53', '1989-01-02 05:50:11', '1988-02-03 09:16:22');
INSERT INTO `friendship` (`user_id`, `friend_id`, `status_id`, `requested_at`, `confirmed_at`, `created_at`, `updated_at`) VALUES (101, 101, 1, '1979-10-27 14:26:38', '2016-06-02 01:51:37', '1993-03-30 10:57:07', '1991-09-09 07:03:25');
INSERT INTO `friendship` (`user_id`, `friend_id`, `status_id`, `requested_at`, `confirmed_at`, `created_at`, `updated_at`) VALUES (102, 102, 2, '1998-10-21 16:07:08', '2004-01-20 08:36:02', '2005-08-14 08:17:41', '1976-04-20 18:15:21');
INSERT INTO `friendship` (`user_id`, `friend_id`, `status_id`, `requested_at`, `confirmed_at`, `created_at`, `updated_at`) VALUES (103, 103, 3, '2016-04-12 15:28:23', '1976-01-17 21:14:33', '2020-01-29 19:25:11', '1994-02-23 06:22:51');
INSERT INTO `friendship` (`user_id`, `friend_id`, `status_id`, `requested_at`, `confirmed_at`, `created_at`, `updated_at`) VALUES (104, 104, 4, '1990-12-02 03:13:27', '2017-02-09 00:57:37', '2005-04-12 11:28:48', '1984-05-30 06:53:03');
INSERT INTO `friendship` (`user_id`, `friend_id`, `status_id`, `requested_at`, `confirmed_at`, `created_at`, `updated_at`) VALUES (105, 105, 5, '2004-12-02 21:54:26', '1978-07-11 17:30:15', '1980-07-01 08:01:01', '2010-09-26 22:48:44');
INSERT INTO `friendship` (`user_id`, `friend_id`, `status_id`, `requested_at`, `confirmed_at`, `created_at`, `updated_at`) VALUES (106, 106, 1, '2000-05-09 23:09:18', '1990-11-24 19:00:32', '1983-05-01 02:00:43', '2000-04-21 05:43:05');
INSERT INTO `friendship` (`user_id`, `friend_id`, `status_id`, `requested_at`, `confirmed_at`, `created_at`, `updated_at`) VALUES (107, 107, 2, '1979-09-04 12:11:09', '1975-12-12 06:52:39', '1980-10-15 12:52:32', '1982-01-05 20:14:53');
INSERT INTO `friendship` (`user_id`, `friend_id`, `status_id`, `requested_at`, `confirmed_at`, `created_at`, `updated_at`) VALUES (108, 108, 3, '2000-06-26 04:38:30', '1998-06-19 07:10:50', '2001-07-30 01:04:15', '1992-11-26 19:44:13');
INSERT INTO `friendship` (`user_id`, `friend_id`, `status_id`, `requested_at`, `confirmed_at`, `created_at`, `updated_at`) VALUES (109, 109, 4, '1984-11-14 11:06:16', '2006-10-30 09:49:19', '2014-08-28 01:17:28', '1973-05-08 05:45:24');
INSERT INTO `friendship` (`user_id`, `friend_id`, `status_id`, `requested_at`, `confirmed_at`, `created_at`, `updated_at`) VALUES (110, 110, 5, '1976-01-30 17:50:38', '2000-05-08 06:38:32', '1974-05-07 12:19:20', '2012-10-16 06:57:56');


#
# TABLE STRUCTURE FOR: friendship_statuses
#

DROP TABLE IF EXISTS `friendship_statuses`;

CREATE TABLE `friendship_statuses` (
  `id` int(10) unsigned NOT NULL AUTO_INCREMENT COMMENT 'Идентификатор строки',
  `name` varchar(150) COLLATE utf8_unicode_ci NOT NULL COMMENT 'Название статуса',
  `created_at` datetime DEFAULT current_timestamp() COMMENT 'Время создания строки',
  `updated_at` datetime DEFAULT current_timestamp() ON UPDATE current_timestamp() COMMENT 'Время обновления строки',
  PRIMARY KEY (`id`),
  UNIQUE KEY `name` (`name`)
) ENGINE=InnoDB AUTO_INCREMENT=6 DEFAULT CHARSET=utf8 COLLATE=utf8_unicode_ci COMMENT='Статусы дружбы';

INSERT INTO `friendship_statuses` (`id`, `name`, `created_at`, `updated_at`) VALUES (1, 'maxime', '1983-10-01 10:33:44', '1994-09-07 05:21:24');
INSERT INTO `friendship_statuses` (`id`, `name`, `created_at`, `updated_at`) VALUES (2, 'id', '1982-01-20 17:02:41', '1983-08-27 10:59:06');
INSERT INTO `friendship_statuses` (`id`, `name`, `created_at`, `updated_at`) VALUES (3, 'aut', '2003-04-05 22:24:56', '1973-03-25 22:26:55');
INSERT INTO `friendship_statuses` (`id`, `name`, `created_at`, `updated_at`) VALUES (4, 'dolores', '2018-02-18 15:07:53', '1971-10-03 03:46:01');
INSERT INTO `friendship_statuses` (`id`, `name`, `created_at`, `updated_at`) VALUES (5, 'minus', '1976-05-18 16:38:16', '2000-07-29 02:07:28');


#
# TABLE STRUCTURE FOR: media
#

DROP TABLE IF EXISTS `media`;

CREATE TABLE `media` (
  `id` int(10) unsigned NOT NULL AUTO_INCREMENT COMMENT 'Идентификатор строки',
  `user_id` int(10) unsigned NOT NULL COMMENT 'Ссылка на пользователя, который загрузил файл',
  `filename` varchar(255) COLLATE utf8_unicode_ci NOT NULL COMMENT 'Путь к файлу',
  `size` int(11) NOT NULL COMMENT 'Размер файла',
  `metadata` longtext CHARACTER SET utf8mb4 COLLATE utf8mb4_bin DEFAULT NULL COMMENT 'Метаданные файла' CHECK (json_valid(`metadata`)),
  `media_type_id` int(10) unsigned NOT NULL COMMENT 'Ссылка на тип контента',
  `created_at` datetime DEFAULT current_timestamp() COMMENT 'Время создания строки',
  `updated_at` datetime DEFAULT current_timestamp() ON UPDATE current_timestamp() COMMENT 'Время обновления строки',
  PRIMARY KEY (`id`)
) ENGINE=InnoDB DEFAULT CHARSET=utf8 COLLATE=utf8_unicode_ci COMMENT='Медиафайлы';

#
# TABLE STRUCTURE FOR: media_types
#

DROP TABLE IF EXISTS `media_types`;

CREATE TABLE `media_types` (
  `id` int(10) unsigned NOT NULL AUTO_INCREMENT COMMENT 'Идентификатор строки',
  `name` varchar(255) COLLATE utf8_unicode_ci NOT NULL COMMENT 'Название типа',
  `created_at` datetime DEFAULT current_timestamp() COMMENT 'Время создания строки',
  `updated_at` datetime DEFAULT current_timestamp() ON UPDATE current_timestamp() COMMENT 'Время обновления строки',
  PRIMARY KEY (`id`),
  UNIQUE KEY `name` (`name`)
) ENGINE=InnoDB AUTO_INCREMENT=4 DEFAULT CHARSET=utf8 COLLATE=utf8_unicode_ci COMMENT='Типы медиафайлов';

INSERT INTO `media_types` (`id`, `name`, `created_at`, `updated_at`) VALUES (1, 'ipsum', '1973-12-28 08:48:23', '1984-12-04 14:43:36');
INSERT INTO `media_types` (`id`, `name`, `created_at`, `updated_at`) VALUES (2, 'laborum', '1983-09-08 21:55:47', '1976-07-17 19:28:01');
INSERT INTO `media_types` (`id`, `name`, `created_at`, `updated_at`) VALUES (3, 'dolorum', '1974-09-19 18:41:33', '1980-01-10 09:41:20');


#
# TABLE STRUCTURE FOR: messages
#

DROP TABLE IF EXISTS `messages`;

CREATE TABLE `messages` (
  `id` int(10) unsigned NOT NULL AUTO_INCREMENT COMMENT 'Идентификатор строки',
  `from_user_id` int(10) unsigned NOT NULL COMMENT 'Ссылка на отправителя сообщения',
  `to_user_id` int(10) unsigned NOT NULL COMMENT 'Ссылка на получателя сообщения',
  `body` text COLLATE utf8_unicode_ci NOT NULL COMMENT 'Текст сообщения',
  `is_important` tinyint(1) DEFAULT NULL COMMENT 'Признак важности',
  `is_delivered` tinyint(1) DEFAULT NULL COMMENT 'Признак доставки',
  `created_at` datetime DEFAULT current_timestamp() COMMENT 'Время создания строки',
  `updated_at` datetime DEFAULT current_timestamp() ON UPDATE current_timestamp() COMMENT 'Время обновления строки',
  PRIMARY KEY (`id`)
) ENGINE=InnoDB AUTO_INCREMENT=201 DEFAULT CHARSET=utf8 COLLATE=utf8_unicode_ci COMMENT='Сообщения';

INSERT INTO `messages` (`id`, `from_user_id`, `to_user_id`, `body`, `is_important`, `is_delivered`, `created_at`, `updated_at`) VALUES (1, 1, 1, 'Sint consequatur officia ipsa dignissimos quasi. Molestias sunt molestiae eveniet in maxime. Molestiae natus doloremque et aut voluptatem. Pariatur molestiae impedit molestiae aut.', 1, 1, '2005-08-16 07:46:18', '1975-01-28 10:13:49');
INSERT INTO `messages` (`id`, `from_user_id`, `to_user_id`, `body`, `is_important`, `is_delivered`, `created_at`, `updated_at`) VALUES (2, 2, 2, 'Ex voluptate ut voluptates quia doloremque est et eaque. Sit architecto occaecati enim. Quo aperiam enim qui quia. Consequatur ut omnis voluptatibus at doloribus esse ipsa. Consequuntur quisquam aliquam reiciendis facere quisquam.', 0, 1, '1981-04-19 18:41:25', '1973-08-23 05:14:34');
INSERT INTO `messages` (`id`, `from_user_id`, `to_user_id`, `body`, `is_important`, `is_delivered`, `created_at`, `updated_at`) VALUES (3, 3, 3, 'Aliquam sapiente velit quae minus voluptatem. Molestiae deserunt et doloribus nisi consequatur.', 0, 0, '2001-04-10 06:31:53', '1972-12-08 04:58:36');
INSERT INTO `messages` (`id`, `from_user_id`, `to_user_id`, `body`, `is_important`, `is_delivered`, `created_at`, `updated_at`) VALUES (4, 4, 4, 'Mollitia perferendis aut est incidunt modi cumque. Dolorum corrupti nihil rerum qui praesentium amet adipisci. In quidem qui ex dolorem id voluptatem iusto.', 1, 0, '2005-06-02 02:28:05', '1985-07-04 04:01:08');
INSERT INTO `messages` (`id`, `from_user_id`, `to_user_id`, `body`, `is_important`, `is_delivered`, `created_at`, `updated_at`) VALUES (5, 5, 5, 'Voluptate quae vel assumenda laboriosam velit. Blanditiis sunt aut perspiciatis. Illo et aliquam amet ipsam excepturi magni. Reiciendis voluptates sapiente eos quos voluptatem repudiandae maiores.', 1, 0, '2004-04-24 02:40:17', '1984-02-07 04:30:56');
INSERT INTO `messages` (`id`, `from_user_id`, `to_user_id`, `body`, `is_important`, `is_delivered`, `created_at`, `updated_at`) VALUES (6, 6, 6, 'Voluptatem molestias quidem voluptates alias. Illo odio delectus recusandae itaque aut. Et a saepe corporis sit omnis asperiores.', 1, 0, '1993-12-13 21:46:09', '1977-05-16 07:20:18');
INSERT INTO `messages` (`id`, `from_user_id`, `to_user_id`, `body`, `is_important`, `is_delivered`, `created_at`, `updated_at`) VALUES (7, 7, 7, 'Suscipit et et qui voluptas. Reiciendis neque optio nemo consequatur deleniti in.', 1, 1, '1995-08-29 14:21:14', '1993-01-06 19:29:50');
INSERT INTO `messages` (`id`, `from_user_id`, `to_user_id`, `body`, `is_important`, `is_delivered`, `created_at`, `updated_at`) VALUES (8, 8, 8, 'Asperiores vel voluptas corporis eos et mollitia. Et aperiam occaecati ut deleniti molestiae error. Quam et praesentium incidunt. Dicta cumque temporibus autem occaecati quo.', 0, 1, '1972-08-17 07:01:49', '2009-01-17 08:00:39');
INSERT INTO `messages` (`id`, `from_user_id`, `to_user_id`, `body`, `is_important`, `is_delivered`, `created_at`, `updated_at`) VALUES (9, 9, 9, 'Repudiandae illo quibusdam numquam sint illo ut. Itaque voluptate voluptas aut autem est dignissimos. Excepturi fuga consequatur vel maiores quia sunt corporis. Ratione quia est qui nihil quis et eaque et.', 0, 0, '2004-07-28 03:41:55', '1997-12-07 14:15:50');
INSERT INTO `messages` (`id`, `from_user_id`, `to_user_id`, `body`, `is_important`, `is_delivered`, `created_at`, `updated_at`) VALUES (10, 10, 10, 'Dolorem explicabo et exercitationem velit quia et et. Ea nostrum sint et minus reiciendis quo voluptas. Adipisci laborum molestiae nemo ex et voluptatibus suscipit et.', 0, 1, '1983-12-08 05:41:28', '2005-08-29 05:26:54');
INSERT INTO `messages` (`id`, `from_user_id`, `to_user_id`, `body`, `is_important`, `is_delivered`, `created_at`, `updated_at`) VALUES (11, 11, 11, 'Consequatur sit veniam molestiae iure expedita autem sit. In sit omnis laborum perspiciatis dolorem necessitatibus corporis. Enim explicabo excepturi omnis adipisci. Voluptatem quia quas eveniet temporibus.', 0, 1, '2013-08-24 02:43:49', '1989-12-11 15:06:38');
INSERT INTO `messages` (`id`, `from_user_id`, `to_user_id`, `body`, `is_important`, `is_delivered`, `created_at`, `updated_at`) VALUES (12, 12, 12, 'Et doloremque veniam et necessitatibus libero ipsum architecto. Et ut quia nobis sint quod voluptas excepturi iusto. Neque neque quos ut placeat et commodi. Et quidem sed nemo et. Minus a aperiam sint odio officiis.', 0, 0, '2018-01-22 12:13:26', '2018-09-17 11:13:01');
INSERT INTO `messages` (`id`, `from_user_id`, `to_user_id`, `body`, `is_important`, `is_delivered`, `created_at`, `updated_at`) VALUES (13, 13, 13, 'Rerum voluptatem minima accusamus eos sit aliquid debitis necessitatibus. Doloribus facere voluptatem sed ea. Quas officia incidunt maxime aliquam.', 1, 1, '1983-08-20 23:36:30', '2006-09-15 06:38:57');
INSERT INTO `messages` (`id`, `from_user_id`, `to_user_id`, `body`, `is_important`, `is_delivered`, `created_at`, `updated_at`) VALUES (14, 14, 14, 'Dolore sit voluptatem excepturi molestiae ratione distinctio voluptas. Amet suscipit illum et possimus possimus et qui. Distinctio ut sint magni mollitia voluptatem. Perferendis labore possimus placeat illum sint ipsa.', 1, 0, '1999-07-13 09:55:45', '2007-02-20 03:47:48');
INSERT INTO `messages` (`id`, `from_user_id`, `to_user_id`, `body`, `is_important`, `is_delivered`, `created_at`, `updated_at`) VALUES (15, 15, 15, 'Est commodi id dolorum qui omnis pariatur. Similique non reprehenderit quia dolor laudantium dolor et. Eum sapiente aliquam temporibus quod illo. Saepe id et eaque asperiores.', 0, 1, '1985-10-19 09:17:57', '1987-11-08 10:22:46');
INSERT INTO `messages` (`id`, `from_user_id`, `to_user_id`, `body`, `is_important`, `is_delivered`, `created_at`, `updated_at`) VALUES (16, 16, 16, 'Eum magnam dolor quo alias harum minus eaque. Aperiam incidunt qui veniam nobis occaecati ut. Alias illo qui dignissimos sit. Et fugit ipsum totam alias aut officiis.', 0, 1, '1976-08-17 13:24:47', '1987-07-06 11:22:49');
INSERT INTO `messages` (`id`, `from_user_id`, `to_user_id`, `body`, `is_important`, `is_delivered`, `created_at`, `updated_at`) VALUES (17, 17, 17, 'Iure vel accusamus quisquam numquam quam soluta dolor consequatur. Vitae error labore enim vitae eligendi sit ex. Aut magnam tenetur laudantium quo omnis. Fuga eveniet corporis asperiores et adipisci sit quas eos. Aut quod qui sit veniam eveniet at.', 1, 1, '2007-08-29 20:56:31', '1986-08-10 18:50:30');
INSERT INTO `messages` (`id`, `from_user_id`, `to_user_id`, `body`, `is_important`, `is_delivered`, `created_at`, `updated_at`) VALUES (18, 18, 18, 'Aut incidunt minima necessitatibus qui odit. Vel beatae nostrum autem sed similique et nobis. Saepe consequatur reiciendis aut omnis eos nostrum consequuntur.', 0, 0, '1999-01-29 19:27:50', '2019-09-06 04:50:37');
INSERT INTO `messages` (`id`, `from_user_id`, `to_user_id`, `body`, `is_important`, `is_delivered`, `created_at`, `updated_at`) VALUES (19, 19, 19, 'Totam dolorum facere et maiores inventore. Voluptatem molestias ea esse tempora nihil quas qui blanditiis. Modi id quia tenetur aut.', 1, 1, '1992-07-16 07:38:40', '1988-07-30 19:36:31');
INSERT INTO `messages` (`id`, `from_user_id`, `to_user_id`, `body`, `is_important`, `is_delivered`, `created_at`, `updated_at`) VALUES (20, 20, 20, 'Illo corporis error iste corrupti qui. Aut iure modi quia illo veniam rerum et quis. Cum nulla in praesentium ut quisquam modi et. Aspernatur aperiam aut possimus in.', 0, 0, '1980-10-13 20:37:47', '2000-03-11 15:16:41');
INSERT INTO `messages` (`id`, `from_user_id`, `to_user_id`, `body`, `is_important`, `is_delivered`, `created_at`, `updated_at`) VALUES (21, 21, 21, 'Saepe voluptatem magnam aut optio. Expedita magnam possimus amet corrupti rem voluptatem. Ab voluptatem voluptas pariatur consequatur eaque. Qui omnis molestiae sint aut.', 0, 0, '1977-09-14 20:55:59', '1972-04-09 03:44:03');
INSERT INTO `messages` (`id`, `from_user_id`, `to_user_id`, `body`, `is_important`, `is_delivered`, `created_at`, `updated_at`) VALUES (22, 22, 22, 'Sit similique qui debitis. Est delectus eum assumenda qui ex. Dolorum voluptate cumque repudiandae. Dicta veritatis tempore pariatur.', 0, 1, '2015-06-13 08:31:22', '1992-08-22 06:32:27');
INSERT INTO `messages` (`id`, `from_user_id`, `to_user_id`, `body`, `is_important`, `is_delivered`, `created_at`, `updated_at`) VALUES (23, 23, 23, 'Recusandae enim eos iste molestiae consequatur consequatur. Perferendis animi quibusdam mollitia consequatur nobis. Quam eveniet a et rerum. Ut adipisci ut velit nulla quo.', 1, 0, '1972-05-28 20:10:02', '1996-07-04 17:15:55');
INSERT INTO `messages` (`id`, `from_user_id`, `to_user_id`, `body`, `is_important`, `is_delivered`, `created_at`, `updated_at`) VALUES (24, 24, 24, 'Sed consequuntur doloribus dolorem dolorum sed. Fugiat optio minus autem in. Vero aliquam quia omnis sunt modi.', 0, 1, '2009-06-14 09:37:25', '1989-10-13 20:35:55');
INSERT INTO `messages` (`id`, `from_user_id`, `to_user_id`, `body`, `is_important`, `is_delivered`, `created_at`, `updated_at`) VALUES (25, 25, 25, 'Ex voluptatem corrupti nihil. Sit delectus occaecati qui nobis debitis reiciendis quasi. Ratione et ut soluta. Qui vel natus qui eveniet quibusdam in.', 0, 1, '1995-07-22 19:28:18', '1990-12-10 14:17:51');
INSERT INTO `messages` (`id`, `from_user_id`, `to_user_id`, `body`, `is_important`, `is_delivered`, `created_at`, `updated_at`) VALUES (26, 26, 26, 'Est tenetur maiores quam. Pariatur consectetur voluptatibus totam iure. Doloremque rerum ullam fugiat eum sint dicta incidunt inventore. Enim laboriosam aut sit minima eum.', 0, 0, '2006-07-30 01:23:34', '1983-09-18 09:29:05');
INSERT INTO `messages` (`id`, `from_user_id`, `to_user_id`, `body`, `is_important`, `is_delivered`, `created_at`, `updated_at`) VALUES (27, 27, 27, 'Voluptatem tenetur fugit quos natus labore velit. Eveniet labore est illum laudantium vitae. Aspernatur labore voluptatem ad quia qui et sint.', 0, 0, '1971-06-14 20:59:12', '2011-12-01 15:44:09');
INSERT INTO `messages` (`id`, `from_user_id`, `to_user_id`, `body`, `is_important`, `is_delivered`, `created_at`, `updated_at`) VALUES (28, 28, 28, 'Non odit voluptatibus aspernatur hic. Est corrupti dolorum qui rem hic. Asperiores itaque aperiam harum omnis qui et. Eaque perferendis quis aut vel quibusdam repellat. Consectetur libero aut quia consequatur iure corrupti facilis nihil.', 1, 1, '2017-12-31 17:35:12', '1999-09-03 06:06:59');
INSERT INTO `messages` (`id`, `from_user_id`, `to_user_id`, `body`, `is_important`, `is_delivered`, `created_at`, `updated_at`) VALUES (29, 29, 29, 'Atque consequuntur praesentium et eum. Velit ut molestiae illo autem eius accusantium officia. Magnam eaque corporis repudiandae et aut. Et ut delectus quas et animi.', 1, 1, '2017-07-29 12:35:59', '2006-01-17 08:20:18');
INSERT INTO `messages` (`id`, `from_user_id`, `to_user_id`, `body`, `is_important`, `is_delivered`, `created_at`, `updated_at`) VALUES (30, 30, 30, 'Ipsam praesentium quaerat et cumque est quisquam corporis non. Quo ut eos et ut voluptas et consectetur facilis. Atque blanditiis iusto quo non porro voluptatem. Necessitatibus enim fugiat enim.', 1, 0, '1984-10-07 15:10:58', '2018-01-31 17:33:31');
INSERT INTO `messages` (`id`, `from_user_id`, `to_user_id`, `body`, `is_important`, `is_delivered`, `created_at`, `updated_at`) VALUES (31, 31, 31, 'Et voluptas qui doloribus. Aperiam ut sed et ea itaque aliquam adipisci. Et sit ut sunt repudiandae sint. Eius iste qui nisi dicta.', 0, 1, '2009-07-14 06:26:05', '2001-06-21 23:59:17');
INSERT INTO `messages` (`id`, `from_user_id`, `to_user_id`, `body`, `is_important`, `is_delivered`, `created_at`, `updated_at`) VALUES (32, 32, 32, 'Excepturi dolores consequatur velit dignissimos ut non. Odio placeat hic et autem officia ipsam mollitia. Eum qui sed deserunt dicta velit ut alias. Et et repudiandae perferendis repellendus distinctio qui pariatur.', 1, 1, '2010-09-15 07:33:00', '1975-03-29 19:45:07');
INSERT INTO `messages` (`id`, `from_user_id`, `to_user_id`, `body`, `is_important`, `is_delivered`, `created_at`, `updated_at`) VALUES (33, 33, 33, 'Non dolorem repudiandae et possimus. Quia iure sequi qui eum iste non distinctio. Est asperiores voluptas ducimus architecto explicabo qui nisi.', 0, 1, '1987-12-02 01:24:27', '2010-08-30 20:37:27');
INSERT INTO `messages` (`id`, `from_user_id`, `to_user_id`, `body`, `is_important`, `is_delivered`, `created_at`, `updated_at`) VALUES (34, 34, 34, 'Ut quasi doloribus et nesciunt natus necessitatibus autem laborum. Dolorem exercitationem veritatis ut molestiae aliquid. Impedit vero et iusto quas ut. Molestias sapiente voluptate est.', 0, 0, '1982-08-04 19:08:46', '2004-11-08 22:23:48');
INSERT INTO `messages` (`id`, `from_user_id`, `to_user_id`, `body`, `is_important`, `is_delivered`, `created_at`, `updated_at`) VALUES (35, 35, 35, 'Iure nesciunt in ut. Iusto reprehenderit aliquam ut qui et libero occaecati voluptas. Alias et eligendi soluta.', 0, 0, '2002-08-02 10:04:20', '1974-08-08 22:11:25');
INSERT INTO `messages` (`id`, `from_user_id`, `to_user_id`, `body`, `is_important`, `is_delivered`, `created_at`, `updated_at`) VALUES (36, 36, 36, 'Qui qui incidunt possimus est qui beatae sint. Sed itaque et et et tempore perspiciatis labore. Magnam mollitia soluta quam est et ab voluptatem dolorem.', 1, 1, '1980-05-11 13:08:29', '1977-11-21 01:24:12');
INSERT INTO `messages` (`id`, `from_user_id`, `to_user_id`, `body`, `is_important`, `is_delivered`, `created_at`, `updated_at`) VALUES (37, 37, 37, 'Illo atque quod architecto saepe neque quaerat corporis. Voluptatem et dignissimos aut maxime sit facilis repudiandae vel.', 0, 0, '1974-07-01 15:34:31', '2012-04-05 09:40:23');
INSERT INTO `messages` (`id`, `from_user_id`, `to_user_id`, `body`, `is_important`, `is_delivered`, `created_at`, `updated_at`) VALUES (38, 38, 38, 'Ut voluptates ut et eos quaerat molestiae. Sit omnis minus sequi voluptatem voluptatem vitae quidem. Ea eligendi totam a possimus. Qui minima quidem qui nihil error inventore ad.', 0, 1, '1989-03-14 07:36:54', '1987-04-03 11:52:04');
INSERT INTO `messages` (`id`, `from_user_id`, `to_user_id`, `body`, `is_important`, `is_delivered`, `created_at`, `updated_at`) VALUES (39, 39, 39, 'Velit corporis rerum eos explicabo sequi harum. Modi non tenetur ut et perspiciatis iusto cum amet. Exercitationem cum nesciunt nemo natus modi. Numquam voluptas autem consequatur soluta.', 1, 0, '2008-09-21 14:54:38', '1980-09-23 23:12:52');
INSERT INTO `messages` (`id`, `from_user_id`, `to_user_id`, `body`, `is_important`, `is_delivered`, `created_at`, `updated_at`) VALUES (40, 40, 40, 'Nihil voluptas quo velit itaque incidunt illo. Ut molestias corrupti optio ullam animi officiis eaque. Enim ab ea unde et fugiat quod repellat sed. Repudiandae velit reiciendis et ipsum consequatur.', 1, 0, '1975-11-27 22:09:50', '2013-09-23 09:25:13');
INSERT INTO `messages` (`id`, `from_user_id`, `to_user_id`, `body`, `is_important`, `is_delivered`, `created_at`, `updated_at`) VALUES (41, 41, 41, 'Quod possimus laudantium aliquam dolor corporis provident minima. Id dignissimos deleniti quos quia. Asperiores occaecati nostrum quia sit accusantium. Quo occaecati officia quae sequi. Cumque assumenda eos ut quisquam ea.', 0, 0, '2018-01-16 21:39:43', '2013-04-20 21:41:20');
INSERT INTO `messages` (`id`, `from_user_id`, `to_user_id`, `body`, `is_important`, `is_delivered`, `created_at`, `updated_at`) VALUES (42, 42, 42, 'Maiores iure quaerat sint eum. Repellat iusto vero enim consequatur quaerat sunt. Sit veniam voluptatem quidem et nulla est qui. Nisi vel quidem unde aut perspiciatis excepturi autem.', 1, 0, '2004-01-04 19:46:12', '2016-01-30 08:24:37');
INSERT INTO `messages` (`id`, `from_user_id`, `to_user_id`, `body`, `is_important`, `is_delivered`, `created_at`, `updated_at`) VALUES (43, 43, 43, 'Id laboriosam excepturi ex dolores voluptates cupiditate qui debitis. Tempore tenetur quidem nihil porro.', 1, 1, '1991-09-10 06:50:05', '2013-03-01 20:47:31');
INSERT INTO `messages` (`id`, `from_user_id`, `to_user_id`, `body`, `is_important`, `is_delivered`, `created_at`, `updated_at`) VALUES (44, 44, 44, 'Ut voluptatem quia vel voluptatem cum suscipit corporis. Et nihil consequatur asperiores minus. Voluptas quia itaque quia mollitia molestiae odio sunt. Itaque enim culpa debitis aliquid non. Vitae doloremque molestiae optio aperiam.', 1, 1, '1987-05-15 10:29:31', '2005-05-24 20:45:18');
INSERT INTO `messages` (`id`, `from_user_id`, `to_user_id`, `body`, `is_important`, `is_delivered`, `created_at`, `updated_at`) VALUES (45, 45, 45, 'Corporis sint est earum cupiditate sit magnam. Aliquid natus dolorem aliquid nemo magni. Accusamus voluptatibus autem fugiat magni libero vel necessitatibus dolore. Soluta aut eum voluptatibus earum.', 1, 0, '1997-03-03 21:21:08', '2005-04-04 06:26:06');
INSERT INTO `messages` (`id`, `from_user_id`, `to_user_id`, `body`, `is_important`, `is_delivered`, `created_at`, `updated_at`) VALUES (46, 46, 46, 'Deleniti quidem odio nisi velit dolores et. In amet quis ut est. Et commodi aut aspernatur fugiat exercitationem distinctio incidunt. Veniam dolore modi ut ducimus ut debitis.', 1, 1, '1989-12-31 14:18:41', '1991-04-20 10:17:45');
INSERT INTO `messages` (`id`, `from_user_id`, `to_user_id`, `body`, `is_important`, `is_delivered`, `created_at`, `updated_at`) VALUES (47, 47, 47, 'Necessitatibus vero consequatur eius et exercitationem accusantium commodi. Voluptatem nam aut officia sed et tempora.', 1, 0, '1996-03-20 02:39:55', '1988-07-04 05:26:11');
INSERT INTO `messages` (`id`, `from_user_id`, `to_user_id`, `body`, `is_important`, `is_delivered`, `created_at`, `updated_at`) VALUES (48, 48, 48, 'Et quidem non dolorum eum quo dolor molestiae. Quaerat mollitia quo aliquam libero id adipisci.', 1, 0, '2005-05-20 06:08:39', '1996-04-18 03:23:31');
INSERT INTO `messages` (`id`, `from_user_id`, `to_user_id`, `body`, `is_important`, `is_delivered`, `created_at`, `updated_at`) VALUES (49, 49, 49, 'Veritatis dolores dolor magnam distinctio suscipit deserunt blanditiis. Laborum vel sequi pariatur et aut soluta. Reprehenderit consequuntur vel et dolor nihil.', 1, 0, '1984-01-08 11:10:35', '2016-04-23 10:43:25');
INSERT INTO `messages` (`id`, `from_user_id`, `to_user_id`, `body`, `is_important`, `is_delivered`, `created_at`, `updated_at`) VALUES (50, 50, 50, 'Dolor fuga explicabo optio consectetur quas ad dignissimos. Praesentium ratione est voluptas commodi.', 0, 1, '2009-03-26 02:50:35', '2018-06-23 00:18:08');
INSERT INTO `messages` (`id`, `from_user_id`, `to_user_id`, `body`, `is_important`, `is_delivered`, `created_at`, `updated_at`) VALUES (51, 51, 51, 'Minima ut similique vel reiciendis nemo tenetur temporibus ratione. Fuga ipsa animi voluptates. Minima et esse reprehenderit asperiores.', 1, 1, '2002-08-20 05:29:29', '2011-09-19 01:40:35');
INSERT INTO `messages` (`id`, `from_user_id`, `to_user_id`, `body`, `is_important`, `is_delivered`, `created_at`, `updated_at`) VALUES (52, 52, 52, 'Vero perspiciatis quibusdam non debitis. Voluptas aliquid tempora voluptate unde a ex eveniet asperiores. Autem ut et non sed dolor. Et rerum necessitatibus reprehenderit occaecati nostrum aut facilis aspernatur.', 0, 1, '1987-10-20 17:39:52', '1975-08-17 09:24:31');
INSERT INTO `messages` (`id`, `from_user_id`, `to_user_id`, `body`, `is_important`, `is_delivered`, `created_at`, `updated_at`) VALUES (53, 53, 53, 'Nisi est atque et harum veritatis. Incidunt est enim ut necessitatibus. Maxime id quo accusamus non rerum aut.', 1, 1, '2002-08-09 09:39:54', '1992-04-03 04:55:32');
INSERT INTO `messages` (`id`, `from_user_id`, `to_user_id`, `body`, `is_important`, `is_delivered`, `created_at`, `updated_at`) VALUES (54, 54, 54, 'Dolor ea impedit exercitationem vel. Quaerat iure sit autem. Qui consectetur et ipsam enim enim omnis. Dolorem eos voluptas rerum dolores voluptas rerum vitae.', 1, 1, '2017-04-19 23:37:48', '1995-09-16 06:32:22');
INSERT INTO `messages` (`id`, `from_user_id`, `to_user_id`, `body`, `is_important`, `is_delivered`, `created_at`, `updated_at`) VALUES (55, 55, 55, 'Dolores expedita doloribus inventore quasi est aut eum consequuntur. Eum quia rem nobis dolore. Voluptas est commodi iusto dolor molestiae quia. Est eaque sint molestiae corporis ut et error esse.', 0, 1, '2015-10-27 19:00:49', '1970-03-01 10:05:40');
INSERT INTO `messages` (`id`, `from_user_id`, `to_user_id`, `body`, `is_important`, `is_delivered`, `created_at`, `updated_at`) VALUES (56, 56, 56, 'Iure sequi in in quis quis non quas. Omnis veritatis non iste nihil quis perferendis hic. Sit odit laboriosam distinctio aut.', 0, 0, '2008-01-03 11:43:49', '2015-07-26 03:49:57');
INSERT INTO `messages` (`id`, `from_user_id`, `to_user_id`, `body`, `is_important`, `is_delivered`, `created_at`, `updated_at`) VALUES (57, 57, 57, 'Rerum voluptatibus nam voluptatem quasi repellat repellat perferendis provident. Et velit et quaerat aperiam tempore velit. Dignissimos earum tempore repellendus.', 0, 0, '1976-10-13 05:16:18', '2015-12-01 00:47:18');
INSERT INTO `messages` (`id`, `from_user_id`, `to_user_id`, `body`, `is_important`, `is_delivered`, `created_at`, `updated_at`) VALUES (58, 58, 58, 'Asperiores necessitatibus nulla nulla autem dolor ut dignissimos dolores. Inventore harum nam maxime itaque at. Enim dolore voluptatem nesciunt accusantium veritatis cum.', 1, 0, '1971-11-30 12:42:44', '1981-10-11 15:38:46');
INSERT INTO `messages` (`id`, `from_user_id`, `to_user_id`, `body`, `is_important`, `is_delivered`, `created_at`, `updated_at`) VALUES (59, 59, 59, 'Porro voluptatem nemo doloribus incidunt. Vel consectetur et reiciendis fuga. Quia ut accusantium nihil.', 0, 1, '2015-02-01 21:38:21', '1979-12-22 23:15:19');
INSERT INTO `messages` (`id`, `from_user_id`, `to_user_id`, `body`, `is_important`, `is_delivered`, `created_at`, `updated_at`) VALUES (60, 60, 60, 'Reiciendis temporibus qui possimus voluptatem quis quia. Qui ex nulla excepturi officia cupiditate inventore ullam. Dignissimos ea debitis quia ut beatae.', 1, 0, '1996-05-22 05:09:05', '2015-12-30 14:23:20');
INSERT INTO `messages` (`id`, `from_user_id`, `to_user_id`, `body`, `is_important`, `is_delivered`, `created_at`, `updated_at`) VALUES (61, 61, 61, 'Saepe et magni repellendus. Harum dolorem dignissimos et voluptatem sint qui ad. Distinctio voluptas accusamus dolorum. Maiores voluptas est dignissimos. Qui non sit impedit optio vero.', 0, 0, '1970-05-23 14:47:55', '2009-09-02 16:23:54');
INSERT INTO `messages` (`id`, `from_user_id`, `to_user_id`, `body`, `is_important`, `is_delivered`, `created_at`, `updated_at`) VALUES (62, 62, 62, 'Qui doloremque odit ipsam facere. Velit qui voluptates minus earum qui. Necessitatibus corrupti aspernatur nam officia. Quaerat delectus nihil molestiae consequuntur velit.', 0, 1, '2002-11-16 06:29:08', '1970-08-20 03:00:39');
INSERT INTO `messages` (`id`, `from_user_id`, `to_user_id`, `body`, `is_important`, `is_delivered`, `created_at`, `updated_at`) VALUES (63, 63, 63, 'Perferendis velit voluptas aut sed aut. Beatae quasi quia dolorem eos odio rem qui eius. Quasi est odio optio molestiae.', 0, 0, '2006-12-08 23:56:24', '1986-06-11 15:16:03');
INSERT INTO `messages` (`id`, `from_user_id`, `to_user_id`, `body`, `is_important`, `is_delivered`, `created_at`, `updated_at`) VALUES (64, 64, 64, 'In ipsa iste repudiandae culpa. Et sunt sint quaerat et et nihil sequi. Officiis mollitia consequatur quisquam quis sit quis aut.', 0, 0, '2017-12-02 07:11:53', '1997-02-13 17:24:25');
INSERT INTO `messages` (`id`, `from_user_id`, `to_user_id`, `body`, `is_important`, `is_delivered`, `created_at`, `updated_at`) VALUES (65, 65, 65, 'Dignissimos qui et sed unde porro similique omnis voluptas. Quo aspernatur veritatis eaque autem architecto facere. Laudantium sit aliquam praesentium omnis adipisci. Odit illo quo illo officia fugiat ipsa ea sint.', 1, 1, '2014-10-19 13:08:30', '1982-11-13 23:45:46');
INSERT INTO `messages` (`id`, `from_user_id`, `to_user_id`, `body`, `is_important`, `is_delivered`, `created_at`, `updated_at`) VALUES (66, 66, 66, 'Consequuntur debitis laudantium quis amet odit pariatur aspernatur iusto. Velit quo repudiandae dolor.', 1, 0, '2010-05-25 14:11:35', '2002-06-15 02:53:59');
INSERT INTO `messages` (`id`, `from_user_id`, `to_user_id`, `body`, `is_important`, `is_delivered`, `created_at`, `updated_at`) VALUES (67, 67, 67, 'Consequatur quasi aut dolorem nulla totam nulla voluptatibus inventore. Ea architecto autem provident quis. Excepturi in ab corrupti consequuntur sint qui ipsum.', 1, 1, '1998-03-27 23:38:33', '1999-08-01 15:45:43');
INSERT INTO `messages` (`id`, `from_user_id`, `to_user_id`, `body`, `is_important`, `is_delivered`, `created_at`, `updated_at`) VALUES (68, 68, 68, 'Enim occaecati nulla tenetur suscipit quasi a. Quas sed est accusamus autem. In delectus ut magnam eligendi porro nesciunt.', 0, 0, '2013-01-29 12:24:55', '1977-07-05 14:30:42');
INSERT INTO `messages` (`id`, `from_user_id`, `to_user_id`, `body`, `is_important`, `is_delivered`, `created_at`, `updated_at`) VALUES (69, 69, 69, 'Architecto quia nisi omnis. Quasi sed ut nesciunt. Est aut dolor quis iure optio qui quas vel. Quasi optio est quis aut.', 1, 1, '2017-02-02 14:38:57', '1986-06-26 20:35:01');
INSERT INTO `messages` (`id`, `from_user_id`, `to_user_id`, `body`, `is_important`, `is_delivered`, `created_at`, `updated_at`) VALUES (70, 70, 70, 'Esse soluta deleniti ut provident. Qui aut nihil laboriosam ut dolorum omnis ex. Excepturi iusto ut deserunt alias sint qui ipsa. Et et qui nisi est.', 1, 1, '1988-07-23 02:14:57', '1993-09-29 00:56:00');
INSERT INTO `messages` (`id`, `from_user_id`, `to_user_id`, `body`, `is_important`, `is_delivered`, `created_at`, `updated_at`) VALUES (71, 71, 71, 'Et ut dignissimos rerum similique veritatis recusandae. Qui sit rerum id itaque ut sed sit. Ut ad rerum aut at et doloremque nobis. Rerum repudiandae blanditiis iste nesciunt.', 0, 1, '1972-04-12 09:38:23', '2011-12-02 21:44:07');
INSERT INTO `messages` (`id`, `from_user_id`, `to_user_id`, `body`, `is_important`, `is_delivered`, `created_at`, `updated_at`) VALUES (72, 72, 72, 'Iusto perspiciatis et alias non dignissimos. Maiores dolore reprehenderit repudiandae itaque. Eaque exercitationem eum accusamus ipsa qui voluptatem. Occaecati quod molestiae rerum illum deleniti laboriosam ullam. Eos totam et quis qui qui dignissimos.', 0, 0, '2017-08-20 11:40:43', '1981-01-19 08:33:47');
INSERT INTO `messages` (`id`, `from_user_id`, `to_user_id`, `body`, `is_important`, `is_delivered`, `created_at`, `updated_at`) VALUES (73, 73, 73, 'Ducimus consequatur dolores sit voluptas nobis. Et quas fuga sunt blanditiis. Doloremque animi dicta ipsam veritatis aperiam sapiente.', 1, 0, '1978-11-08 02:48:52', '1999-12-23 16:08:11');
INSERT INTO `messages` (`id`, `from_user_id`, `to_user_id`, `body`, `is_important`, `is_delivered`, `created_at`, `updated_at`) VALUES (74, 74, 74, 'Ut perspiciatis aut minima ab. Aliquid ratione repellat error corrupti. Ut animi nesciunt architecto debitis.', 0, 0, '2006-02-18 10:47:06', '1996-10-01 17:44:30');
INSERT INTO `messages` (`id`, `from_user_id`, `to_user_id`, `body`, `is_important`, `is_delivered`, `created_at`, `updated_at`) VALUES (75, 75, 75, 'Et molestiae iure sunt sint. Laborum laborum voluptas est suscipit voluptatem minus. Nemo saepe et autem ab.', 0, 0, '1996-07-13 15:47:02', '2017-06-04 04:21:32');
INSERT INTO `messages` (`id`, `from_user_id`, `to_user_id`, `body`, `is_important`, `is_delivered`, `created_at`, `updated_at`) VALUES (76, 76, 76, 'Non dolorum sunt perspiciatis. Voluptate ab velit quidem aliquam. Qui alias consequatur expedita velit quia voluptas. Veniam et voluptatem est et quia.', 0, 0, '1981-08-28 15:03:33', '1996-11-03 07:36:02');
INSERT INTO `messages` (`id`, `from_user_id`, `to_user_id`, `body`, `is_important`, `is_delivered`, `created_at`, `updated_at`) VALUES (77, 77, 77, 'Sint et iste et voluptate sequi aut dolorem occaecati. Architecto eveniet provident voluptas saepe officia non. Eum corporis dolor quibusdam vero dolor sint dolore.', 0, 0, '1992-01-02 21:36:39', '1994-06-16 13:58:56');
INSERT INTO `messages` (`id`, `from_user_id`, `to_user_id`, `body`, `is_important`, `is_delivered`, `created_at`, `updated_at`) VALUES (78, 78, 78, 'Sint hic autem animi nostrum quasi. Mollitia voluptatibus enim recusandae repellendus quo. Ut hic mollitia inventore velit dolore qui quia.', 0, 1, '2007-01-05 13:06:49', '1981-11-24 17:28:47');
INSERT INTO `messages` (`id`, `from_user_id`, `to_user_id`, `body`, `is_important`, `is_delivered`, `created_at`, `updated_at`) VALUES (79, 79, 79, 'Debitis mollitia sint aspernatur voluptate voluptatem quis fugit. Illo sunt placeat voluptatem provident. Rerum corporis ullam fugit. Sequi nam magni distinctio est est consequuntur quibusdam saepe.', 0, 1, '1982-05-06 06:35:15', '2005-05-23 08:23:12');
INSERT INTO `messages` (`id`, `from_user_id`, `to_user_id`, `body`, `is_important`, `is_delivered`, `created_at`, `updated_at`) VALUES (80, 80, 80, 'Cumque repellendus tempora voluptas quia maxime. Deserunt dolor id quo veritatis. Officiis aliquam ea inventore occaecati.', 0, 1, '1991-04-21 17:22:09', '2015-11-26 17:57:14');
INSERT INTO `messages` (`id`, `from_user_id`, `to_user_id`, `body`, `is_important`, `is_delivered`, `created_at`, `updated_at`) VALUES (81, 81, 81, 'Nihil earum sed aut velit qui voluptas sit. Fugit iste magnam dolorum.', 0, 0, '2014-02-03 22:15:47', '2004-11-21 08:36:07');
INSERT INTO `messages` (`id`, `from_user_id`, `to_user_id`, `body`, `is_important`, `is_delivered`, `created_at`, `updated_at`) VALUES (82, 82, 82, 'Pariatur et rem eveniet quam quis ex possimus id. Maiores vel in perferendis magni.', 1, 0, '2001-02-17 10:12:05', '1971-04-29 16:40:25');
INSERT INTO `messages` (`id`, `from_user_id`, `to_user_id`, `body`, `is_important`, `is_delivered`, `created_at`, `updated_at`) VALUES (83, 83, 83, 'Ut enim incidunt in architecto. Quasi impedit velit minus sed eaque porro reprehenderit velit. Nemo ipsam aliquid voluptate quam libero ut. Quaerat voluptate deleniti consequatur quo fugit et.', 0, 1, '2015-05-17 05:34:06', '1989-10-02 05:55:27');
INSERT INTO `messages` (`id`, `from_user_id`, `to_user_id`, `body`, `is_important`, `is_delivered`, `created_at`, `updated_at`) VALUES (84, 84, 84, 'Deleniti earum voluptatum dolorum aspernatur laborum. At ut exercitationem maxime. Autem aspernatur nihil laborum minima velit sint. Deserunt repudiandae iure soluta molestias et voluptatem.', 0, 0, '1991-08-29 12:00:55', '1980-01-29 14:24:09');
INSERT INTO `messages` (`id`, `from_user_id`, `to_user_id`, `body`, `is_important`, `is_delivered`, `created_at`, `updated_at`) VALUES (85, 85, 85, 'Soluta neque et optio dignissimos saepe. Cum aut ullam omnis ea quo in voluptatem et. Vel in porro vero velit aperiam ab.', 1, 0, '2005-05-11 06:10:23', '1981-03-15 21:39:40');
INSERT INTO `messages` (`id`, `from_user_id`, `to_user_id`, `body`, `is_important`, `is_delivered`, `created_at`, `updated_at`) VALUES (86, 86, 86, 'Eligendi quia quo repellat libero consequatur molestiae dolorem. Rerum ea delectus minus beatae consequuntur accusamus et. Et maiores ab est sed perferendis. In enim voluptatibus ducimus ullam.', 1, 1, '1991-02-05 12:28:41', '2006-07-06 17:59:04');
INSERT INTO `messages` (`id`, `from_user_id`, `to_user_id`, `body`, `is_important`, `is_delivered`, `created_at`, `updated_at`) VALUES (87, 87, 87, 'Eum nam odio suscipit rem autem iure. Harum ut at porro eius nam iste quasi voluptas. Voluptatibus in maiores adipisci aut voluptatem et dolorum sit. Necessitatibus distinctio repellat ipsa.', 0, 1, '2013-02-13 22:51:44', '1987-03-19 03:31:18');
INSERT INTO `messages` (`id`, `from_user_id`, `to_user_id`, `body`, `is_important`, `is_delivered`, `created_at`, `updated_at`) VALUES (88, 88, 88, 'Autem consequuntur quibusdam saepe commodi eum veniam exercitationem id. Laboriosam ut laboriosam perferendis totam. Magnam eos at quasi necessitatibus aut.', 1, 0, '2006-06-24 15:06:59', '2005-07-15 04:47:16');
INSERT INTO `messages` (`id`, `from_user_id`, `to_user_id`, `body`, `is_important`, `is_delivered`, `created_at`, `updated_at`) VALUES (89, 89, 89, 'Asperiores accusamus eaque nesciunt deleniti rem omnis esse. Molestias consequatur nobis qui odit nam. Excepturi neque vitae cupiditate quae voluptates est excepturi. Quam perspiciatis velit maiores facere debitis sint.', 1, 1, '1983-11-01 04:48:02', '2015-05-02 02:01:27');
INSERT INTO `messages` (`id`, `from_user_id`, `to_user_id`, `body`, `is_important`, `is_delivered`, `created_at`, `updated_at`) VALUES (90, 90, 90, 'Fugit culpa molestiae et eligendi optio. Inventore reprehenderit est quas dolorum id. Maxime maxime delectus harum nihil neque odit ipsum debitis. Repudiandae molestias tempore et ab soluta. Saepe quia et rerum magni et in animi quidem.', 1, 1, '1973-12-24 17:11:19', '2013-11-21 22:11:54');
INSERT INTO `messages` (`id`, `from_user_id`, `to_user_id`, `body`, `is_important`, `is_delivered`, `created_at`, `updated_at`) VALUES (91, 91, 91, 'Placeat rem ut est aliquid. Voluptate laudantium ullam occaecati doloremque quidem. Necessitatibus rerum et mollitia. Alias voluptate velit aut hic consequatur ut blanditiis.', 1, 1, '2001-08-09 17:32:30', '1977-09-08 08:57:26');
INSERT INTO `messages` (`id`, `from_user_id`, `to_user_id`, `body`, `is_important`, `is_delivered`, `created_at`, `updated_at`) VALUES (92, 92, 92, 'Eum facere iure itaque praesentium non aut officia. Quod consequatur asperiores est dolor aut consequatur necessitatibus asperiores. Mollitia rerum aut sunt voluptatum ipsam voluptas.', 0, 1, '2000-02-22 11:43:09', '1979-12-30 05:12:53');
INSERT INTO `messages` (`id`, `from_user_id`, `to_user_id`, `body`, `is_important`, `is_delivered`, `created_at`, `updated_at`) VALUES (93, 93, 93, 'Deleniti occaecati iusto ratione voluptas. Voluptate sed dicta totam et magni ut. Quia enim sint omnis nihil. Libero odit quaerat in quia aut provident error.', 0, 0, '1974-04-10 21:15:51', '1980-05-30 22:14:22');
INSERT INTO `messages` (`id`, `from_user_id`, `to_user_id`, `body`, `is_important`, `is_delivered`, `created_at`, `updated_at`) VALUES (94, 94, 94, 'Ducimus consequatur explicabo ut tempora unde illo. Tempore ullam repellendus temporibus similique non accusantium. Dicta alias molestias incidunt eveniet perferendis iure. Perspiciatis dolore sit et molestias qui dolor molestias.', 1, 0, '1982-07-22 00:28:29', '1996-11-04 23:17:37');
INSERT INTO `messages` (`id`, `from_user_id`, `to_user_id`, `body`, `is_important`, `is_delivered`, `created_at`, `updated_at`) VALUES (95, 95, 95, 'Quisquam molestiae dolores ipsum. Sit expedita corrupti non vero. Beatae placeat debitis aut necessitatibus.', 1, 0, '1974-04-02 14:55:34', '1996-12-29 11:06:43');
INSERT INTO `messages` (`id`, `from_user_id`, `to_user_id`, `body`, `is_important`, `is_delivered`, `created_at`, `updated_at`) VALUES (96, 96, 96, 'Est aut sed similique quidem consequatur delectus impedit. Qui in ea fugit quasi qui. Est suscipit rem perferendis optio laborum.', 1, 0, '1979-01-01 03:19:18', '2008-12-24 23:23:21');
INSERT INTO `messages` (`id`, `from_user_id`, `to_user_id`, `body`, `is_important`, `is_delivered`, `created_at`, `updated_at`) VALUES (97, 97, 97, 'Tempora laborum porro necessitatibus dolorum occaecati possimus beatae. Qui impedit facere rerum.', 1, 1, '1982-02-04 07:36:28', '1999-05-20 13:48:34');
INSERT INTO `messages` (`id`, `from_user_id`, `to_user_id`, `body`, `is_important`, `is_delivered`, `created_at`, `updated_at`) VALUES (98, 98, 98, 'Quos rem cumque dolores delectus officia odio autem. Quam unde dolor quis sint. Enim et rerum mollitia tempore et. Porro nostrum quis et commodi voluptas adipisci.', 0, 1, '1980-02-11 21:56:46', '1982-09-29 11:15:56');
INSERT INTO `messages` (`id`, `from_user_id`, `to_user_id`, `body`, `is_important`, `is_delivered`, `created_at`, `updated_at`) VALUES (99, 99, 99, 'Aut perferendis esse voluptatem. Maxime occaecati enim voluptatem minima quo ut deserunt. Nihil consequuntur qui et vero blanditiis.', 1, 0, '1970-04-23 23:21:00', '2000-10-25 19:04:22');
INSERT INTO `messages` (`id`, `from_user_id`, `to_user_id`, `body`, `is_important`, `is_delivered`, `created_at`, `updated_at`) VALUES (100, 100, 100, 'Deserunt reiciendis velit voluptatem in voluptas voluptatem assumenda eius. Dolorum illo deserunt temporibus perferendis quasi sint dolorem. Deserunt est consequuntur asperiores debitis cum deserunt nam.', 0, 0, '1986-07-24 11:48:39', '2000-01-28 00:08:26');
INSERT INTO `messages` (`id`, `from_user_id`, `to_user_id`, `body`, `is_important`, `is_delivered`, `created_at`, `updated_at`) VALUES (101, 101, 101, 'Culpa consequatur magnam aut earum fugit maiores corporis. Eveniet vitae nihil minus quisquam voluptatibus quia est. Quam nulla rem rerum enim iusto quisquam.', 0, 1, '1975-08-25 17:56:49', '1982-11-16 04:44:22');
INSERT INTO `messages` (`id`, `from_user_id`, `to_user_id`, `body`, `is_important`, `is_delivered`, `created_at`, `updated_at`) VALUES (102, 102, 102, 'Aut odit voluptate consequatur consequuntur et voluptatem repellat. Dicta eum culpa illo consectetur voluptate enim. Nam quas aut nobis ad tempora aliquam voluptates.', 0, 0, '1975-06-06 09:56:51', '2002-05-16 13:49:27');
INSERT INTO `messages` (`id`, `from_user_id`, `to_user_id`, `body`, `is_important`, `is_delivered`, `created_at`, `updated_at`) VALUES (103, 103, 103, 'Ex veniam eum ea voluptate. Laboriosam repudiandae ut ut sapiente expedita maiores. Omnis molestiae rem aut sapiente veniam sed. Repellat praesentium sed et autem sed et et.', 0, 1, '1977-06-21 17:31:59', '2000-12-12 15:16:40');
INSERT INTO `messages` (`id`, `from_user_id`, `to_user_id`, `body`, `is_important`, `is_delivered`, `created_at`, `updated_at`) VALUES (104, 104, 104, 'Ipsa ratione nulla et incidunt quia ullam est. Et eaque dolorum eum ducimus officiis qui. Ut est quasi dolorem dolorem dicta sint dolores. Esse iusto et labore porro voluptatibus enim nostrum in.', 0, 1, '2019-08-04 10:43:53', '1994-03-11 03:12:29');
INSERT INTO `messages` (`id`, `from_user_id`, `to_user_id`, `body`, `is_important`, `is_delivered`, `created_at`, `updated_at`) VALUES (105, 105, 105, 'Soluta exercitationem perferendis qui quo dolorum. Est assumenda voluptatem dolorem ut. Blanditiis suscipit nisi unde error assumenda totam et.', 1, 0, '1982-10-25 16:51:43', '1990-12-19 14:46:57');
INSERT INTO `messages` (`id`, `from_user_id`, `to_user_id`, `body`, `is_important`, `is_delivered`, `created_at`, `updated_at`) VALUES (106, 106, 106, 'Et tempore sed deserunt sit quia voluptas. Error qui reiciendis quae ducimus. Odit magnam repellat blanditiis tempora possimus nulla quo.', 1, 0, '1988-01-23 16:51:42', '1971-02-03 03:33:19');
INSERT INTO `messages` (`id`, `from_user_id`, `to_user_id`, `body`, `is_important`, `is_delivered`, `created_at`, `updated_at`) VALUES (107, 107, 107, 'Voluptatibus dignissimos mollitia dolores fugit. Aut provident debitis maiores alias quo quo. Ea velit quia iusto et alias quae. Sed ratione minima dignissimos eos autem similique.', 0, 0, '1996-10-24 22:51:44', '2007-04-16 05:00:41');
INSERT INTO `messages` (`id`, `from_user_id`, `to_user_id`, `body`, `is_important`, `is_delivered`, `created_at`, `updated_at`) VALUES (108, 108, 108, 'Dignissimos consequatur provident harum alias aut. Enim ea minus iure pariatur est. In deleniti ratione id id fugit ut aliquam molestias.', 1, 0, '1987-08-13 09:00:55', '1991-06-01 07:47:14');
INSERT INTO `messages` (`id`, `from_user_id`, `to_user_id`, `body`, `is_important`, `is_delivered`, `created_at`, `updated_at`) VALUES (109, 109, 109, 'Vitae et aut sint minima. Laudantium corrupti similique itaque quisquam facilis placeat quasi. Sunt laborum officia ut sapiente. Quisquam sed nisi dignissimos atque pariatur vel unde.', 0, 1, '2016-10-12 16:30:00', '1986-07-06 16:57:25');
INSERT INTO `messages` (`id`, `from_user_id`, `to_user_id`, `body`, `is_important`, `is_delivered`, `created_at`, `updated_at`) VALUES (110, 110, 110, 'Deleniti est vitae eligendi excepturi. Magnam amet molestiae ratione qui. Amet corporis perspiciatis voluptatem delectus ratione quaerat. Nam id commodi architecto quo asperiores distinctio voluptas.', 1, 1, '1998-10-04 05:05:18', '1977-05-17 11:11:49');
INSERT INTO `messages` (`id`, `from_user_id`, `to_user_id`, `body`, `is_important`, `is_delivered`, `created_at`, `updated_at`) VALUES (111, 1, 1, 'Est officia sed voluptatem molestias aut. Non dolorem non aperiam ab odit illo tempora. Tenetur dolores suscipit culpa possimus voluptatum dolores. Alias beatae a et distinctio.', 0, 0, '1990-10-24 22:37:04', '2004-06-12 16:18:59');
INSERT INTO `messages` (`id`, `from_user_id`, `to_user_id`, `body`, `is_important`, `is_delivered`, `created_at`, `updated_at`) VALUES (112, 2, 2, 'Nulla sint fuga omnis ex. Porro ducimus sed iusto tempora dolor velit in ipsum. Veniam nulla accusamus optio aut id ipsum.', 1, 1, '1975-07-09 04:49:48', '2017-06-24 16:29:06');
INSERT INTO `messages` (`id`, `from_user_id`, `to_user_id`, `body`, `is_important`, `is_delivered`, `created_at`, `updated_at`) VALUES (113, 3, 3, 'Dolor hic inventore blanditiis animi illo reiciendis. Et neque qui temporibus magnam dolorum. Beatae accusantium voluptas tempore sunt eos.', 0, 0, '2015-03-10 14:17:35', '1979-04-12 08:15:24');
INSERT INTO `messages` (`id`, `from_user_id`, `to_user_id`, `body`, `is_important`, `is_delivered`, `created_at`, `updated_at`) VALUES (114, 4, 4, 'Ut provident possimus repellat pariatur eum debitis sint. Et tenetur pariatur ipsam perferendis earum in earum qui. Quis ut consectetur itaque quis excepturi ab id. Non aperiam iste officiis illo dolor sit aut.', 0, 0, '1989-03-13 18:13:46', '1978-09-21 17:04:40');
INSERT INTO `messages` (`id`, `from_user_id`, `to_user_id`, `body`, `is_important`, `is_delivered`, `created_at`, `updated_at`) VALUES (115, 5, 5, 'Repudiandae nisi libero quo incidunt non quis. Eos qui ex ratione et consectetur et consequatur. Aut temporibus sed eos quia et quisquam perferendis error. Adipisci dolorem est qui nulla laborum sequi et.', 0, 0, '1987-06-27 15:07:02', '1970-04-02 00:02:14');
INSERT INTO `messages` (`id`, `from_user_id`, `to_user_id`, `body`, `is_important`, `is_delivered`, `created_at`, `updated_at`) VALUES (116, 6, 6, 'Officia sequi aut soluta. Sit itaque eum culpa accusamus id magnam. Similique aut quas similique laboriosam. Rerum est quae tempore sed.', 0, 1, '1973-02-09 03:51:46', '2002-01-20 12:29:16');
INSERT INTO `messages` (`id`, `from_user_id`, `to_user_id`, `body`, `is_important`, `is_delivered`, `created_at`, `updated_at`) VALUES (117, 7, 7, 'Cumque consequuntur quo alias qui accusamus et unde. Enim exercitationem ex alias. Et quis provident labore. Consequuntur eligendi in tempora beatae accusantium libero ducimus occaecati. Incidunt nihil repellendus voluptatum at mollitia.', 1, 0, '1986-06-07 15:37:45', '2017-05-06 11:34:09');
INSERT INTO `messages` (`id`, `from_user_id`, `to_user_id`, `body`, `is_important`, `is_delivered`, `created_at`, `updated_at`) VALUES (118, 8, 8, 'Iste et sed quod quia facere. Voluptates consequatur sit nostrum delectus. Repellat perspiciatis vero totam.', 1, 1, '1988-12-21 18:34:25', '1979-09-24 12:12:20');
INSERT INTO `messages` (`id`, `from_user_id`, `to_user_id`, `body`, `is_important`, `is_delivered`, `created_at`, `updated_at`) VALUES (119, 9, 9, 'Odit pariatur animi ad aut nulla ratione neque. Expedita nihil qui distinctio. Consectetur nostrum velit porro officiis ut facere. Aut et voluptates quod sunt labore quibusdam.', 0, 1, '1997-02-05 22:00:20', '1997-09-04 05:57:05');
INSERT INTO `messages` (`id`, `from_user_id`, `to_user_id`, `body`, `is_important`, `is_delivered`, `created_at`, `updated_at`) VALUES (120, 10, 10, 'Facilis maxime soluta debitis quisquam omnis culpa eum. Dolorem et quasi consequuntur eveniet corrupti earum qui.', 0, 0, '1987-04-07 04:09:30', '1985-09-15 11:30:09');
INSERT INTO `messages` (`id`, `from_user_id`, `to_user_id`, `body`, `is_important`, `is_delivered`, `created_at`, `updated_at`) VALUES (121, 11, 11, 'Sed repudiandae reprehenderit asperiores. Quod autem nihil accusamus et harum. Aut non qui eos cum. Dolor odit totam a modi quos.', 1, 1, '2008-06-05 12:53:00', '2006-03-18 17:23:06');
INSERT INTO `messages` (`id`, `from_user_id`, `to_user_id`, `body`, `is_important`, `is_delivered`, `created_at`, `updated_at`) VALUES (122, 12, 12, 'Quod rerum illo earum ducimus. Officia omnis sunt enim molestiae omnis. Qui perspiciatis laudantium molestiae rem rerum et.', 1, 0, '1985-11-11 13:33:53', '2013-01-17 20:03:43');
INSERT INTO `messages` (`id`, `from_user_id`, `to_user_id`, `body`, `is_important`, `is_delivered`, `created_at`, `updated_at`) VALUES (123, 13, 13, 'Id ut fugiat explicabo nihil necessitatibus. Sit velit quis delectus nostrum odio suscipit. Maxime quia similique voluptatem autem.', 1, 1, '2008-04-03 17:22:30', '1970-04-13 12:45:02');
INSERT INTO `messages` (`id`, `from_user_id`, `to_user_id`, `body`, `is_important`, `is_delivered`, `created_at`, `updated_at`) VALUES (124, 14, 14, 'Dolore ea et sunt ipsam exercitationem quia voluptatem. Consequatur nemo saepe dolore cum rem qui dolores. Molestiae dolorem ipsum et.', 0, 1, '2004-05-12 18:47:23', '2014-08-12 05:32:39');
INSERT INTO `messages` (`id`, `from_user_id`, `to_user_id`, `body`, `is_important`, `is_delivered`, `created_at`, `updated_at`) VALUES (125, 15, 15, 'Et doloribus incidunt sunt consequatur velit. Dicta est dignissimos odit doloribus. Eveniet repudiandae et non rerum. Assumenda nobis culpa id non aspernatur.', 1, 0, '1983-07-26 07:56:42', '1986-12-26 09:08:19');
INSERT INTO `messages` (`id`, `from_user_id`, `to_user_id`, `body`, `is_important`, `is_delivered`, `created_at`, `updated_at`) VALUES (126, 16, 16, 'Provident vel est maxime nobis sunt enim sit. Iure cupiditate dicta ea ut delectus aut. Sequi voluptatum aperiam quis dolor. Consequatur non voluptas cumque voluptatum iste ratione ut numquam. Nulla aut facilis eos pariatur.', 1, 1, '2010-08-13 04:51:48', '1988-07-17 21:46:43');
INSERT INTO `messages` (`id`, `from_user_id`, `to_user_id`, `body`, `is_important`, `is_delivered`, `created_at`, `updated_at`) VALUES (127, 17, 17, 'Natus corporis ipsam quia id. Repudiandae ratione eveniet voluptatum tempora unde rerum. Laudantium ut dolor harum aspernatur est sit.', 0, 1, '1997-08-16 04:11:11', '1988-11-04 15:51:20');
INSERT INTO `messages` (`id`, `from_user_id`, `to_user_id`, `body`, `is_important`, `is_delivered`, `created_at`, `updated_at`) VALUES (128, 18, 18, 'Et ipsa voluptatum inventore qui ut. Animi sed sint animi temporibus dolor qui modi dolor. Fugiat dolor adipisci aliquam tempore quos. Ut commodi provident et voluptas.', 0, 0, '2000-01-01 22:59:19', '2005-07-28 15:14:18');
INSERT INTO `messages` (`id`, `from_user_id`, `to_user_id`, `body`, `is_important`, `is_delivered`, `created_at`, `updated_at`) VALUES (129, 19, 19, 'Ad vel deleniti sint facere. Est enim et est tempora. Nemo dolor aut aspernatur.', 1, 0, '1996-06-04 21:41:24', '2015-08-12 13:29:02');
INSERT INTO `messages` (`id`, `from_user_id`, `to_user_id`, `body`, `is_important`, `is_delivered`, `created_at`, `updated_at`) VALUES (130, 20, 20, 'Modi quia dolores alias vitae voluptatem. Corporis atque adipisci vel incidunt eum error. Facilis et assumenda et molestiae est dolor iste.', 1, 1, '2004-03-20 01:01:38', '1998-01-26 06:34:34');
INSERT INTO `messages` (`id`, `from_user_id`, `to_user_id`, `body`, `is_important`, `is_delivered`, `created_at`, `updated_at`) VALUES (131, 21, 21, 'Nobis aut repellendus consequuntur suscipit. Non voluptate possimus vero rerum. Ea veritatis sed est. Laudantium ratione velit ut.', 1, 0, '1980-10-19 16:57:04', '2009-04-13 04:34:32');
INSERT INTO `messages` (`id`, `from_user_id`, `to_user_id`, `body`, `is_important`, `is_delivered`, `created_at`, `updated_at`) VALUES (132, 22, 22, 'Quae delectus hic consequatur. Quam quia in accusantium velit modi dolore sint. In alias asperiores vel et ab. Dolores veniam iure officia labore amet.', 1, 0, '1971-05-21 23:06:53', '2014-01-04 14:09:34');
INSERT INTO `messages` (`id`, `from_user_id`, `to_user_id`, `body`, `is_important`, `is_delivered`, `created_at`, `updated_at`) VALUES (133, 23, 23, 'Et officia cumque id praesentium voluptatem. Nobis et sunt et ipsam. Animi assumenda et nihil vitae explicabo et temporibus. Sit est incidunt veritatis.', 0, 0, '1981-02-02 06:39:18', '1972-12-27 19:13:16');
INSERT INTO `messages` (`id`, `from_user_id`, `to_user_id`, `body`, `is_important`, `is_delivered`, `created_at`, `updated_at`) VALUES (134, 24, 24, 'Fuga sed a tempora neque voluptatem. Asperiores similique sed eius necessitatibus. Iure temporibus quas molestiae quae.', 0, 0, '1996-10-14 18:56:05', '1988-06-01 06:29:55');
INSERT INTO `messages` (`id`, `from_user_id`, `to_user_id`, `body`, `is_important`, `is_delivered`, `created_at`, `updated_at`) VALUES (135, 25, 25, 'Ipsa dolores quisquam totam sint voluptas et. Cumque sint velit eum quia et. Voluptas aliquid sint voluptate eum.', 1, 0, '1991-07-15 15:48:19', '1989-09-30 11:13:52');
INSERT INTO `messages` (`id`, `from_user_id`, `to_user_id`, `body`, `is_important`, `is_delivered`, `created_at`, `updated_at`) VALUES (136, 26, 26, 'Et velit non et aliquam blanditiis vero. Saepe unde quam nihil omnis dolorem. Voluptas tempora rerum sapiente veritatis laboriosam voluptas ipsa.', 0, 1, '1995-04-14 15:23:02', '1986-06-06 04:07:16');
INSERT INTO `messages` (`id`, `from_user_id`, `to_user_id`, `body`, `is_important`, `is_delivered`, `created_at`, `updated_at`) VALUES (137, 27, 27, 'Molestias quisquam nesciunt velit dolor qui quas qui. Est qui temporibus corporis doloremque ut. Pariatur a quam aut quaerat non mollitia facilis. Ex ut libero quidem deserunt omnis sapiente.', 0, 0, '1975-03-26 12:02:37', '1986-01-14 08:53:37');
INSERT INTO `messages` (`id`, `from_user_id`, `to_user_id`, `body`, `is_important`, `is_delivered`, `created_at`, `updated_at`) VALUES (138, 28, 28, 'Quae qui explicabo eos voluptas reiciendis. Voluptatem modi esse consequatur labore soluta. Accusamus tempora et voluptatem deleniti sed impedit. Non numquam accusamus sapiente qui.', 1, 0, '1994-11-12 18:57:31', '2020-02-24 22:59:57');
INSERT INTO `messages` (`id`, `from_user_id`, `to_user_id`, `body`, `is_important`, `is_delivered`, `created_at`, `updated_at`) VALUES (139, 29, 29, 'Qui quasi odit repudiandae praesentium nostrum et eveniet. Eveniet accusantium et nulla quia. Adipisci dolore quo amet natus.', 1, 0, '2000-12-29 02:58:48', '1980-03-02 17:17:35');
INSERT INTO `messages` (`id`, `from_user_id`, `to_user_id`, `body`, `is_important`, `is_delivered`, `created_at`, `updated_at`) VALUES (140, 30, 30, 'Fuga esse ut porro. Explicabo temporibus quos quos. Sint pariatur sunt officiis enim itaque. Et id dolorem possimus aut tenetur.', 0, 0, '1974-08-25 08:47:10', '2014-04-12 16:39:11');
INSERT INTO `messages` (`id`, `from_user_id`, `to_user_id`, `body`, `is_important`, `is_delivered`, `created_at`, `updated_at`) VALUES (141, 31, 31, 'Eligendi earum cumque voluptatem excepturi. Ut non alias esse alias iste nihil eius et. Voluptas temporibus doloribus debitis esse omnis aliquid porro.', 0, 1, '2011-05-21 15:34:07', '1975-11-02 14:11:42');
INSERT INTO `messages` (`id`, `from_user_id`, `to_user_id`, `body`, `is_important`, `is_delivered`, `created_at`, `updated_at`) VALUES (142, 32, 32, 'Unde id aut nobis ullam. Nesciunt sit qui et nihil numquam omnis et error. Reiciendis est quos cumque fuga magni veritatis voluptas. Omnis neque earum in eum alias fuga.', 0, 1, '1986-07-28 17:35:11', '2012-04-29 10:43:31');
INSERT INTO `messages` (`id`, `from_user_id`, `to_user_id`, `body`, `is_important`, `is_delivered`, `created_at`, `updated_at`) VALUES (143, 33, 33, 'Dolores et sunt at quod aut maiores. Qui quas commodi libero maiores sed. Libero sed rerum ut quia in. Aperiam quisquam ullam vel quia.', 1, 1, '1986-09-17 10:08:01', '1988-04-20 03:17:22');
INSERT INTO `messages` (`id`, `from_user_id`, `to_user_id`, `body`, `is_important`, `is_delivered`, `created_at`, `updated_at`) VALUES (144, 34, 34, 'Maxime dolor est sit quisquam sint odio consequatur. Commodi qui quia vel in. Reiciendis dolorem quo non nihil qui. Officia mollitia velit non ad in ex.', 1, 0, '1980-06-13 06:08:47', '1991-03-01 07:26:14');
INSERT INTO `messages` (`id`, `from_user_id`, `to_user_id`, `body`, `is_important`, `is_delivered`, `created_at`, `updated_at`) VALUES (145, 35, 35, 'Dolor vel sint assumenda temporibus. Minus distinctio cupiditate repellendus. Totam autem molestiae quo ea omnis eum accusamus. Recusandae ut velit ducimus veritatis vel saepe quia.', 1, 1, '1981-11-24 12:47:54', '2004-07-18 17:10:26');
INSERT INTO `messages` (`id`, `from_user_id`, `to_user_id`, `body`, `is_important`, `is_delivered`, `created_at`, `updated_at`) VALUES (146, 36, 36, 'Nobis voluptatem nobis consequatur non. Quia doloremque consectetur amet tempore.', 1, 1, '1997-06-04 08:05:27', '2012-07-15 19:20:19');
INSERT INTO `messages` (`id`, `from_user_id`, `to_user_id`, `body`, `is_important`, `is_delivered`, `created_at`, `updated_at`) VALUES (147, 37, 37, 'Quidem expedita error aut enim ipsam adipisci debitis. Quam aut odio delectus debitis. Facere et perspiciatis aut distinctio at itaque omnis reprehenderit.', 0, 0, '1993-09-01 09:08:56', '1986-01-17 01:27:52');
INSERT INTO `messages` (`id`, `from_user_id`, `to_user_id`, `body`, `is_important`, `is_delivered`, `created_at`, `updated_at`) VALUES (148, 38, 38, 'Hic aut tempora illum adipisci sed. Beatae cum est modi dolorum ut corporis. Sint quo qui odit qui beatae a. Totam ut provident soluta aut non mollitia eos.', 1, 0, '1975-09-05 21:51:19', '1981-04-05 17:02:28');
INSERT INTO `messages` (`id`, `from_user_id`, `to_user_id`, `body`, `is_important`, `is_delivered`, `created_at`, `updated_at`) VALUES (149, 39, 39, 'Quos adipisci illo rem deserunt. Iusto qui temporibus sed modi blanditiis quia ratione doloremque. Harum et quaerat nulla. Saepe pariatur laborum illum inventore voluptatem quia ut qui.', 0, 1, '2012-11-28 10:26:02', '1993-06-09 17:22:24');
INSERT INTO `messages` (`id`, `from_user_id`, `to_user_id`, `body`, `is_important`, `is_delivered`, `created_at`, `updated_at`) VALUES (150, 40, 40, 'Omnis cupiditate mollitia dignissimos sed reiciendis id dolorem. Voluptate praesentium quam doloremque harum ab laudantium.', 1, 0, '2011-06-18 06:43:14', '1991-12-11 08:05:46');
INSERT INTO `messages` (`id`, `from_user_id`, `to_user_id`, `body`, `is_important`, `is_delivered`, `created_at`, `updated_at`) VALUES (151, 41, 41, 'Deleniti est nisi amet totam. Tempore quam ratione quaerat odit voluptatem voluptas et. Molestiae quasi ut soluta rerum ducimus.', 1, 0, '1991-12-26 13:42:09', '1998-10-09 18:00:26');
INSERT INTO `messages` (`id`, `from_user_id`, `to_user_id`, `body`, `is_important`, `is_delivered`, `created_at`, `updated_at`) VALUES (152, 42, 42, 'Culpa labore molestias nulla. Qui omnis modi rerum vitae consequatur id sed ut. Inventore et aut et nulla pariatur maxime aut in. Consequuntur corporis numquam aut quidem nulla repellendus error et.', 0, 1, '2004-08-17 14:32:47', '2019-06-26 03:11:12');
INSERT INTO `messages` (`id`, `from_user_id`, `to_user_id`, `body`, `is_important`, `is_delivered`, `created_at`, `updated_at`) VALUES (153, 43, 43, 'Aut et possimus soluta temporibus aperiam ut sit. Possimus omnis quaerat natus sit odit non. Quis et omnis quo illum id. Voluptas a ad saepe dolorem.', 0, 0, '2000-09-16 18:48:15', '2005-10-14 09:16:44');
INSERT INTO `messages` (`id`, `from_user_id`, `to_user_id`, `body`, `is_important`, `is_delivered`, `created_at`, `updated_at`) VALUES (154, 44, 44, 'Officia voluptatem sit dolorem. Modi enim recusandae ea ipsam distinctio. Commodi debitis ad fuga.', 1, 1, '1972-05-12 17:55:02', '1984-02-29 00:44:17');
INSERT INTO `messages` (`id`, `from_user_id`, `to_user_id`, `body`, `is_important`, `is_delivered`, `created_at`, `updated_at`) VALUES (155, 45, 45, 'Excepturi doloribus recusandae saepe praesentium aut aspernatur qui. Sed repudiandae provident et cumque error ipsa. Dolor explicabo ipsam qui.', 0, 0, '1993-10-09 18:58:04', '2001-02-09 05:25:48');
INSERT INTO `messages` (`id`, `from_user_id`, `to_user_id`, `body`, `is_important`, `is_delivered`, `created_at`, `updated_at`) VALUES (156, 46, 46, 'Odit quidem dignissimos voluptatem non quo. Aut iusto dolor vitae eum minima. Nostrum ipsum sit nulla quasi. Fuga accusamus id architecto eligendi.', 1, 1, '2017-10-28 07:54:46', '2005-11-29 09:20:49');
INSERT INTO `messages` (`id`, `from_user_id`, `to_user_id`, `body`, `is_important`, `is_delivered`, `created_at`, `updated_at`) VALUES (157, 47, 47, 'Accusamus labore voluptatem distinctio nulla perferendis officia aspernatur. A commodi sit itaque dignissimos et ea dolor.', 0, 0, '1983-12-26 21:53:37', '1984-06-29 02:17:06');
INSERT INTO `messages` (`id`, `from_user_id`, `to_user_id`, `body`, `is_important`, `is_delivered`, `created_at`, `updated_at`) VALUES (158, 48, 48, 'In quaerat quod aut pariatur. Qui voluptas soluta repellendus laborum quisquam. Et et repellat in. Harum aut nobis eaque facere incidunt explicabo fugit. Impedit hic distinctio voluptate alias eum nulla sunt.', 1, 0, '2001-07-21 11:42:11', '1978-06-29 11:07:42');
INSERT INTO `messages` (`id`, `from_user_id`, `to_user_id`, `body`, `is_important`, `is_delivered`, `created_at`, `updated_at`) VALUES (159, 49, 49, 'Quis et et nam eaque. Debitis illo consequuntur dolorem vitae. Illum hic ea consequatur consequatur ducimus accusantium. Dolores aut corrupti dolor corrupti autem doloremque laudantium.', 1, 0, '1971-04-17 12:02:21', '1971-05-06 23:11:37');
INSERT INTO `messages` (`id`, `from_user_id`, `to_user_id`, `body`, `is_important`, `is_delivered`, `created_at`, `updated_at`) VALUES (160, 50, 50, 'Quidem natus sit et pariatur. Et ipsa ad repudiandae dignissimos ut dolorum. Temporibus deleniti excepturi velit vitae totam et commodi similique. Sunt enim et dolor qui.', 0, 0, '2009-04-24 00:41:18', '1997-05-06 18:50:18');
INSERT INTO `messages` (`id`, `from_user_id`, `to_user_id`, `body`, `is_important`, `is_delivered`, `created_at`, `updated_at`) VALUES (161, 51, 51, 'Quaerat dignissimos temporibus quasi vero minus hic. Quaerat omnis laudantium qui quibusdam dignissimos corrupti. Aut fugiat esse at eum. Quia ipsam voluptatum sit omnis dolorem quia.', 1, 1, '1988-09-20 21:05:51', '1980-08-09 09:18:21');
INSERT INTO `messages` (`id`, `from_user_id`, `to_user_id`, `body`, `is_important`, `is_delivered`, `created_at`, `updated_at`) VALUES (162, 52, 52, 'Sunt qui sunt eos voluptas molestiae incidunt et. Facilis officia ea est eligendi. Repellendus et consequatur quas ea aut debitis. Aut aperiam at officiis distinctio natus laboriosam.', 1, 0, '1981-11-30 18:12:31', '1973-08-08 10:00:22');
INSERT INTO `messages` (`id`, `from_user_id`, `to_user_id`, `body`, `is_important`, `is_delivered`, `created_at`, `updated_at`) VALUES (163, 53, 53, 'Dolorem voluptatibus animi et praesentium voluptates veniam. Modi error fugiat et quis rem. Temporibus qui molestias et a aut.', 0, 1, '2011-09-22 11:29:49', '1978-08-18 17:43:31');
INSERT INTO `messages` (`id`, `from_user_id`, `to_user_id`, `body`, `is_important`, `is_delivered`, `created_at`, `updated_at`) VALUES (164, 54, 54, 'Voluptatem fugit expedita similique eum ipsam quia. Et a dignissimos ea. Dolor id itaque quia illo illo nam.', 0, 0, '1995-09-04 13:57:22', '1972-12-25 09:45:41');
INSERT INTO `messages` (`id`, `from_user_id`, `to_user_id`, `body`, `is_important`, `is_delivered`, `created_at`, `updated_at`) VALUES (165, 55, 55, 'Nostrum nemo molestias et aut fuga rerum. Repudiandae sunt et veritatis aut ducimus et. Aliquam rerum reiciendis accusantium. Eos veritatis ut soluta dolor ipsa.', 1, 1, '2003-05-20 09:18:09', '2005-04-10 07:29:29');
INSERT INTO `messages` (`id`, `from_user_id`, `to_user_id`, `body`, `is_important`, `is_delivered`, `created_at`, `updated_at`) VALUES (166, 56, 56, 'Et eum aut id dolores. Et in unde modi quo delectus ad omnis magni.', 1, 1, '1979-05-02 15:51:27', '2004-02-22 09:49:31');
INSERT INTO `messages` (`id`, `from_user_id`, `to_user_id`, `body`, `is_important`, `is_delivered`, `created_at`, `updated_at`) VALUES (167, 57, 57, 'Necessitatibus quas velit vel sit et voluptatem quo soluta. Ut nihil aut quia quas. Odio asperiores saepe maxime qui dolores.', 1, 0, '2010-01-28 09:15:54', '1977-11-21 09:40:35');
INSERT INTO `messages` (`id`, `from_user_id`, `to_user_id`, `body`, `is_important`, `is_delivered`, `created_at`, `updated_at`) VALUES (168, 58, 58, 'Et expedita qui alias doloremque. Atque velit est fugit voluptatem et eaque quia placeat. Veritatis culpa incidunt numquam. Unde aspernatur sapiente in officiis mollitia natus.', 1, 1, '2014-04-13 20:56:20', '1971-05-24 01:53:26');
INSERT INTO `messages` (`id`, `from_user_id`, `to_user_id`, `body`, `is_important`, `is_delivered`, `created_at`, `updated_at`) VALUES (169, 59, 59, 'Amet libero repudiandae placeat sint repudiandae aut voluptatem id. Voluptas sequi eaque voluptates dolor sit id. Occaecati voluptatem eum nostrum quisquam ea.', 0, 0, '2020-01-18 13:54:42', '2002-10-16 00:50:33');
INSERT INTO `messages` (`id`, `from_user_id`, `to_user_id`, `body`, `is_important`, `is_delivered`, `created_at`, `updated_at`) VALUES (170, 60, 60, 'Neque labore ut est. Dolorum porro sed excepturi sunt repudiandae minus architecto aut.', 1, 0, '1972-08-03 20:42:10', '2009-09-27 14:02:19');
INSERT INTO `messages` (`id`, `from_user_id`, `to_user_id`, `body`, `is_important`, `is_delivered`, `created_at`, `updated_at`) VALUES (171, 61, 61, 'Nisi perspiciatis explicabo iure temporibus consequatur et odio. Sed vitae architecto maxime.', 1, 1, '1995-12-01 06:11:13', '2017-05-23 02:38:49');
INSERT INTO `messages` (`id`, `from_user_id`, `to_user_id`, `body`, `is_important`, `is_delivered`, `created_at`, `updated_at`) VALUES (172, 62, 62, 'Qui mollitia aut autem earum doloribus non sed provident. Non voluptas praesentium voluptates voluptas. Enim consequatur quod itaque illo voluptas.', 1, 0, '1971-08-16 20:42:38', '2014-06-21 00:57:22');
INSERT INTO `messages` (`id`, `from_user_id`, `to_user_id`, `body`, `is_important`, `is_delivered`, `created_at`, `updated_at`) VALUES (173, 63, 63, 'Mollitia consequatur et quam aut laboriosam qui. Veritatis molestias aperiam dolores ut animi earum. Enim molestias aspernatur dolore et quo libero.', 0, 1, '2005-03-31 22:39:06', '1972-01-22 18:14:45');
INSERT INTO `messages` (`id`, `from_user_id`, `to_user_id`, `body`, `is_important`, `is_delivered`, `created_at`, `updated_at`) VALUES (174, 64, 64, 'Repellat ratione sunt accusantium in nesciunt et repellendus. Nulla impedit tempore eaque quasi ipsam ab. Quis ducimus ab et quisquam recusandae. Debitis iure molestiae doloribus dolorum distinctio necessitatibus.', 1, 1, '2016-04-25 01:12:54', '1973-10-28 21:44:43');
INSERT INTO `messages` (`id`, `from_user_id`, `to_user_id`, `body`, `is_important`, `is_delivered`, `created_at`, `updated_at`) VALUES (175, 65, 65, 'Sunt fugit libero quo atque et non molestias. Odio ea harum hic odit qui distinctio eligendi totam. Quis ut provident ducimus maiores aut est. Ratione rerum temporibus magnam eum impedit nihil voluptatum.', 0, 0, '1994-08-23 02:06:09', '1994-07-13 20:23:35');
INSERT INTO `messages` (`id`, `from_user_id`, `to_user_id`, `body`, `is_important`, `is_delivered`, `created_at`, `updated_at`) VALUES (176, 66, 66, 'Ut cum quam quos eum. Autem facere qui qui consectetur est ducimus pariatur. Maiores ea illo expedita velit consequatur. Nulla facilis tenetur fugit error pariatur exercitationem incidunt. Voluptatem aut in eaque distinctio optio aspernatur ut.', 0, 0, '1989-11-04 21:18:44', '2000-06-16 09:53:03');
INSERT INTO `messages` (`id`, `from_user_id`, `to_user_id`, `body`, `is_important`, `is_delivered`, `created_at`, `updated_at`) VALUES (177, 67, 67, 'Quod qui dolor modi qui et incidunt animi sit. Nostrum id praesentium iure similique debitis. Omnis similique sit quis qui. Suscipit ut iure debitis voluptates.', 1, 0, '1979-09-04 12:55:12', '1999-02-07 15:18:48');
INSERT INTO `messages` (`id`, `from_user_id`, `to_user_id`, `body`, `is_important`, `is_delivered`, `created_at`, `updated_at`) VALUES (178, 68, 68, 'Enim iure explicabo vero fugiat nisi laboriosam. Quae debitis placeat velit. Aperiam provident accusantium debitis illo consequuntur. Quos dolores sint rem aut rem distinctio maxime.', 0, 1, '2018-01-02 11:49:49', '1992-12-09 05:39:59');
INSERT INTO `messages` (`id`, `from_user_id`, `to_user_id`, `body`, `is_important`, `is_delivered`, `created_at`, `updated_at`) VALUES (179, 69, 69, 'Aut et hic commodi est tempore mollitia qui. Minus et neque libero autem sunt sit. Placeat repudiandae natus laborum. Maiores id cupiditate vitae illum.', 0, 1, '1986-03-04 01:46:44', '1972-10-04 16:10:41');
INSERT INTO `messages` (`id`, `from_user_id`, `to_user_id`, `body`, `is_important`, `is_delivered`, `created_at`, `updated_at`) VALUES (180, 70, 70, 'Ipsum et quia id. Quo fuga non illum voluptate quasi cumque error. Quidem numquam possimus vero. Temporibus maxime enim a vitae et sint.', 1, 0, '1971-01-08 19:26:33', '1971-10-30 18:28:35');
INSERT INTO `messages` (`id`, `from_user_id`, `to_user_id`, `body`, `is_important`, `is_delivered`, `created_at`, `updated_at`) VALUES (181, 71, 71, 'Aut vero voluptas quia porro quibusdam et. Enim deleniti autem explicabo id cupiditate aut. Et ad non inventore.', 1, 0, '2017-03-21 02:22:14', '2011-04-12 13:16:29');
INSERT INTO `messages` (`id`, `from_user_id`, `to_user_id`, `body`, `is_important`, `is_delivered`, `created_at`, `updated_at`) VALUES (182, 72, 72, 'Natus nisi deleniti magni saepe. Iste magni aut omnis error et. Ipsa earum maxime temporibus eius dolores nam. Incidunt consequatur possimus et occaecati sit quo aut deleniti.', 0, 0, '1989-01-23 19:22:35', '2016-07-19 20:06:54');
INSERT INTO `messages` (`id`, `from_user_id`, `to_user_id`, `body`, `is_important`, `is_delivered`, `created_at`, `updated_at`) VALUES (183, 73, 73, 'Libero voluptatem consequatur fugiat quis consectetur qui vel aut. Quam sit officiis at dolores cumque. Earum harum ipsa minus esse eum et. Omnis aspernatur occaecati facilis.', 1, 0, '2018-02-24 04:15:41', '2017-07-22 09:36:39');
INSERT INTO `messages` (`id`, `from_user_id`, `to_user_id`, `body`, `is_important`, `is_delivered`, `created_at`, `updated_at`) VALUES (184, 74, 74, 'Culpa quasi esse et repellendus. Deleniti autem soluta officiis nisi consectetur est itaque adipisci. Omnis explicabo velit provident. Nam officia dolorum voluptatem quos expedita ut.', 0, 0, '2005-04-13 00:39:40', '1986-11-15 10:40:17');
INSERT INTO `messages` (`id`, `from_user_id`, `to_user_id`, `body`, `is_important`, `is_delivered`, `created_at`, `updated_at`) VALUES (185, 75, 75, 'Est tenetur provident id exercitationem et eligendi. Libero accusantium qui qui culpa mollitia sit aut. Molestiae id quasi ut labore.', 0, 1, '1998-01-21 10:20:51', '1975-07-22 02:24:27');
INSERT INTO `messages` (`id`, `from_user_id`, `to_user_id`, `body`, `is_important`, `is_delivered`, `created_at`, `updated_at`) VALUES (186, 76, 76, 'Aliquid velit nihil et repellendus. Maiores sed dolorem quis fuga rerum praesentium et. Dolores ab nam dolorem perferendis nostrum sit commodi. Iusto commodi nulla commodi soluta facere veritatis et. Facere aspernatur reiciendis ab molestiae cum.', 0, 0, '2018-02-04 04:07:40', '1990-03-18 09:51:00');
INSERT INTO `messages` (`id`, `from_user_id`, `to_user_id`, `body`, `is_important`, `is_delivered`, `created_at`, `updated_at`) VALUES (187, 77, 77, 'Repudiandae odit corrupti vitae ipsa. Cumque officia similique ex voluptatibus iusto reprehenderit. Non quod adipisci sed aliquam ut dignissimos perferendis. Sequi unde quo sunt nostrum deserunt corporis.', 0, 1, '2013-03-24 23:58:23', '2011-07-23 04:15:33');
INSERT INTO `messages` (`id`, `from_user_id`, `to_user_id`, `body`, `is_important`, `is_delivered`, `created_at`, `updated_at`) VALUES (188, 78, 78, 'Quia impedit praesentium voluptas quo suscipit est. Dolorem quia reprehenderit perspiciatis maxime. Ratione eum soluta optio molestiae tenetur.', 1, 1, '1983-10-09 02:15:47', '2016-02-01 04:58:29');
INSERT INTO `messages` (`id`, `from_user_id`, `to_user_id`, `body`, `is_important`, `is_delivered`, `created_at`, `updated_at`) VALUES (189, 79, 79, 'Blanditiis maiores a est accusantium id ut consequuntur. Nostrum aspernatur voluptatibus autem labore veniam suscipit. Ad eos aliquam dolore itaque qui.', 0, 0, '1999-07-28 02:05:52', '1974-12-30 21:36:59');
INSERT INTO `messages` (`id`, `from_user_id`, `to_user_id`, `body`, `is_important`, `is_delivered`, `created_at`, `updated_at`) VALUES (190, 80, 80, 'Sapiente nobis deserunt repellendus. Veritatis voluptatem ut cumque excepturi autem. Numquam voluptatem molestias quod ab aperiam eum. Labore sequi iure dolore adipisci suscipit suscipit voluptatibus.', 0, 0, '1982-02-13 09:42:13', '1993-09-10 12:33:47');
INSERT INTO `messages` (`id`, `from_user_id`, `to_user_id`, `body`, `is_important`, `is_delivered`, `created_at`, `updated_at`) VALUES (191, 81, 81, 'Modi eius est atque sequi. Iure iusto est nihil exercitationem deleniti. Molestias sit quia enim rerum. Harum ut id non voluptatem voluptas ipsam nemo quas.', 0, 0, '2007-01-13 13:53:22', '2016-09-15 08:03:21');
INSERT INTO `messages` (`id`, `from_user_id`, `to_user_id`, `body`, `is_important`, `is_delivered`, `created_at`, `updated_at`) VALUES (192, 82, 82, 'Velit alias quaerat quis tempora natus consectetur tenetur provident. Animi dolores voluptatum provident et.', 0, 1, '1987-09-18 01:29:53', '1992-01-04 21:35:57');
INSERT INTO `messages` (`id`, `from_user_id`, `to_user_id`, `body`, `is_important`, `is_delivered`, `created_at`, `updated_at`) VALUES (193, 83, 83, 'Alias est et nihil et facere temporibus. Veniam ut numquam et nihil nesciunt error. Id aliquid veritatis quam eum.', 0, 0, '1993-07-08 15:25:32', '2013-01-23 20:49:13');
INSERT INTO `messages` (`id`, `from_user_id`, `to_user_id`, `body`, `is_important`, `is_delivered`, `created_at`, `updated_at`) VALUES (194, 84, 84, 'Quia enim voluptate itaque totam. Consequatur enim eum nisi. Et molestiae in excepturi sed sit placeat ex.', 1, 1, '1970-04-08 21:29:42', '2006-02-24 13:02:21');
INSERT INTO `messages` (`id`, `from_user_id`, `to_user_id`, `body`, `is_important`, `is_delivered`, `created_at`, `updated_at`) VALUES (195, 85, 85, 'Consequuntur aut excepturi quia omnis quaerat exercitationem ut. Ipsum officia corrupti labore autem ipsam. Non officia corrupti mollitia sed blanditiis et.', 1, 0, '2000-05-30 01:16:00', '2003-12-07 23:47:07');
INSERT INTO `messages` (`id`, `from_user_id`, `to_user_id`, `body`, `is_important`, `is_delivered`, `created_at`, `updated_at`) VALUES (196, 86, 86, 'Non recusandae sunt quam quos. Molestiae numquam sed consequuntur. Repudiandae nihil et nobis impedit recusandae sed expedita. Ducimus harum ut est voluptas dolores.', 1, 1, '1976-09-14 14:33:20', '2016-02-27 12:29:32');
INSERT INTO `messages` (`id`, `from_user_id`, `to_user_id`, `body`, `is_important`, `is_delivered`, `created_at`, `updated_at`) VALUES (197, 87, 87, 'Qui expedita laboriosam aut quas architecto aspernatur a. Quod consequatur eos ut ut. Iure assumenda eos aut possimus quia nemo. Neque sint et eveniet dolor. In harum et reprehenderit.', 1, 0, '2018-10-16 06:30:14', '1972-01-28 20:35:14');
INSERT INTO `messages` (`id`, `from_user_id`, `to_user_id`, `body`, `is_important`, `is_delivered`, `created_at`, `updated_at`) VALUES (198, 88, 88, 'Fugit odit ab nostrum consectetur fugit illo. Architecto deleniti maiores vel nisi necessitatibus distinctio non. Illo eius eos quam molestias dolor. Quos nam quis rem consequuntur.', 1, 0, '1978-06-18 13:56:04', '1970-04-25 20:21:59');
INSERT INTO `messages` (`id`, `from_user_id`, `to_user_id`, `body`, `is_important`, `is_delivered`, `created_at`, `updated_at`) VALUES (199, 89, 89, 'Explicabo enim at sapiente exercitationem et deserunt. Vero possimus qui qui. Impedit eveniet consectetur dolores a est iusto omnis. Neque quibusdam consequatur mollitia necessitatibus.', 0, 0, '2019-10-11 04:32:26', '1996-10-01 10:56:39');
INSERT INTO `messages` (`id`, `from_user_id`, `to_user_id`, `body`, `is_important`, `is_delivered`, `created_at`, `updated_at`) VALUES (200, 90, 90, 'Repudiandae optio voluptatem iusto iusto. Ex quibusdam accusantium non cupiditate. Similique nobis est facilis.', 0, 0, '2013-12-22 10:38:52', '1977-10-28 16:03:05');


#
# TABLE STRUCTURE FOR: profiles
#

DROP TABLE IF EXISTS `profiles`;

CREATE TABLE `profiles` (
  `user_id` int(10) unsigned NOT NULL COMMENT 'Ссылка на пользователя',
  `gender` char(1) COLLATE utf8_unicode_ci NOT NULL COMMENT 'Пол',
  `birthday` date DEFAULT NULL COMMENT 'Дата рождения',
  `photo_id` int(10) unsigned DEFAULT NULL COMMENT 'Ссылка на основную фотографию пользователя',
  `city` varchar(130) COLLATE utf8_unicode_ci DEFAULT NULL COMMENT 'Город проживания',
  `country` varchar(130) COLLATE utf8_unicode_ci DEFAULT NULL COMMENT 'Страна проживания',
  `created_at` datetime DEFAULT current_timestamp() COMMENT 'Время создания строки',
  `updated_at` datetime DEFAULT current_timestamp() ON UPDATE current_timestamp() COMMENT 'Время обновления строки',
  PRIMARY KEY (`user_id`)
) ENGINE=InnoDB DEFAULT CHARSET=utf8 COLLATE=utf8_unicode_ci COMMENT='Профили';

INSERT INTO `profiles` (`user_id`, `gender`, `birthday`, `photo_id`, `city`, `country`, `created_at`, `updated_at`) VALUES (1, '\"', '2001-06-25', 591, 'Lake Grahambury', 'Antigua and Barbuda', '2013-09-13 17:43:51', '2014-05-02 11:17:47');
INSERT INTO `profiles` (`user_id`, `gender`, `birthday`, `photo_id`, `city`, `country`, `created_at`, `updated_at`) VALUES (2, '\"', '1983-09-09', 30, 'Carterview', 'Malaysia', '1994-06-27 19:39:08', '2014-06-21 03:27:11');
INSERT INTO `profiles` (`user_id`, `gender`, `birthday`, `photo_id`, `city`, `country`, `created_at`, `updated_at`) VALUES (3, '\"', '1989-04-09', 782, 'Lake Giuseppeside', 'Brazil', '1980-11-14 20:12:25', '1996-09-27 16:52:24');
INSERT INTO `profiles` (`user_id`, `gender`, `birthday`, `photo_id`, `city`, `country`, `created_at`, `updated_at`) VALUES (4, '\"', '1974-04-03', 153, 'Johnstonville', 'Ecuador', '1985-07-05 12:46:50', '1991-11-29 08:44:17');
INSERT INTO `profiles` (`user_id`, `gender`, `birthday`, `photo_id`, `city`, `country`, `created_at`, `updated_at`) VALUES (5, '\"', '2002-11-14', 793, 'Gunnarview', 'Benin', '2020-02-03 00:30:49', '2017-04-09 16:25:26');
INSERT INTO `profiles` (`user_id`, `gender`, `birthday`, `photo_id`, `city`, `country`, `created_at`, `updated_at`) VALUES (6, '\"', '2020-02-05', 248, 'South Asaborough', 'Netherlands', '1988-03-10 12:50:48', '2008-11-30 08:04:43');
INSERT INTO `profiles` (`user_id`, `gender`, `birthday`, `photo_id`, `city`, `country`, `created_at`, `updated_at`) VALUES (7, '\"', '2010-04-21', 93, 'Orieville', 'France', '1976-11-03 17:59:03', '2018-01-29 21:27:15');
INSERT INTO `profiles` (`user_id`, `gender`, `birthday`, `photo_id`, `city`, `country`, `created_at`, `updated_at`) VALUES (8, '\"', '2010-09-30', 91, 'North Erlingfort', 'Luxembourg', '2019-05-15 00:43:25', '1984-08-28 06:52:02');
INSERT INTO `profiles` (`user_id`, `gender`, `birthday`, `photo_id`, `city`, `country`, `created_at`, `updated_at`) VALUES (9, '\"', '1979-10-10', 561, 'Clemmietown', 'Bulgaria', '2000-04-17 05:10:35', '1991-08-01 19:20:36');
INSERT INTO `profiles` (`user_id`, `gender`, `birthday`, `photo_id`, `city`, `country`, `created_at`, `updated_at`) VALUES (10, '\"', '2011-11-19', 67, 'East Mackburgh', 'American Samoa', '1985-05-23 03:24:37', '1976-04-29 20:07:41');
INSERT INTO `profiles` (`user_id`, `gender`, `birthday`, `photo_id`, `city`, `country`, `created_at`, `updated_at`) VALUES (11, '\"', '1974-04-24', 620, 'West Dennis', 'Western Sahara', '2015-04-02 22:18:40', '1985-09-09 03:41:56');
INSERT INTO `profiles` (`user_id`, `gender`, `birthday`, `photo_id`, `city`, `country`, `created_at`, `updated_at`) VALUES (12, '\"', '2016-09-06', 893, 'West Helena', 'Albania', '2003-07-15 03:51:11', '1993-09-10 17:10:00');
INSERT INTO `profiles` (`user_id`, `gender`, `birthday`, `photo_id`, `city`, `country`, `created_at`, `updated_at`) VALUES (13, '\"', '1984-11-22', 560, 'Ericamouth', 'Philippines', '2012-03-26 17:28:54', '2002-06-15 11:26:19');
INSERT INTO `profiles` (`user_id`, `gender`, `birthday`, `photo_id`, `city`, `country`, `created_at`, `updated_at`) VALUES (14, '\"', '2009-12-02', 807, 'Thompsonshire', 'Nauru', '1980-05-25 12:42:32', '1997-04-18 21:21:43');
INSERT INTO `profiles` (`user_id`, `gender`, `birthday`, `photo_id`, `city`, `country`, `created_at`, `updated_at`) VALUES (15, '\"', '2005-05-27', 185, 'Americoberg', 'Gibraltar', '2002-02-04 14:22:39', '2003-06-19 16:49:48');
INSERT INTO `profiles` (`user_id`, `gender`, `birthday`, `photo_id`, `city`, `country`, `created_at`, `updated_at`) VALUES (16, '\"', '2008-05-07', 571, 'Reubenfort', 'Burkina Faso', '2019-10-23 07:27:44', '1986-04-01 08:19:23');
INSERT INTO `profiles` (`user_id`, `gender`, `birthday`, `photo_id`, `city`, `country`, `created_at`, `updated_at`) VALUES (17, '\"', '1974-01-16', 242, 'Lake Myah', 'Maldives', '2008-01-14 07:35:20', '2016-04-18 08:01:04');
INSERT INTO `profiles` (`user_id`, `gender`, `birthday`, `photo_id`, `city`, `country`, `created_at`, `updated_at`) VALUES (18, '\"', '1976-05-12', 783, 'Bashirianview', 'Denmark', '1992-06-01 02:10:32', '1975-03-03 14:29:10');
INSERT INTO `profiles` (`user_id`, `gender`, `birthday`, `photo_id`, `city`, `country`, `created_at`, `updated_at`) VALUES (19, '\"', '2014-04-15', 863, 'New Aurelie', 'Isle of Man', '1993-05-04 13:32:00', '1980-09-28 00:51:08');
INSERT INTO `profiles` (`user_id`, `gender`, `birthday`, `photo_id`, `city`, `country`, `created_at`, `updated_at`) VALUES (20, '\"', '2019-04-17', 406, 'Dickiton', 'Malawi', '1994-11-08 12:35:28', '2002-02-02 21:39:25');
INSERT INTO `profiles` (`user_id`, `gender`, `birthday`, `photo_id`, `city`, `country`, `created_at`, `updated_at`) VALUES (21, '\"', '2000-07-21', 54, 'North Brennon', 'Dominican Republic', '1984-03-04 14:44:50', '2007-01-05 05:54:24');
INSERT INTO `profiles` (`user_id`, `gender`, `birthday`, `photo_id`, `city`, `country`, `created_at`, `updated_at`) VALUES (22, '\"', '1984-08-10', 928, 'West Dejahfurt', 'Thailand', '1993-06-13 18:10:32', '1990-03-26 07:59:12');
INSERT INTO `profiles` (`user_id`, `gender`, `birthday`, `photo_id`, `city`, `country`, `created_at`, `updated_at`) VALUES (23, '\"', '2015-04-07', 334, 'Lake Adella', 'Philippines', '1973-12-10 07:25:56', '2004-05-22 19:20:45');
INSERT INTO `profiles` (`user_id`, `gender`, `birthday`, `photo_id`, `city`, `country`, `created_at`, `updated_at`) VALUES (24, '\"', '2009-03-01', 595, 'East Moseschester', 'Anguilla', '2014-01-07 05:37:12', '2009-07-06 08:51:00');
INSERT INTO `profiles` (`user_id`, `gender`, `birthday`, `photo_id`, `city`, `country`, `created_at`, `updated_at`) VALUES (25, '\"', '2008-01-02', 542, 'Lake Alanna', 'Greece', '1995-04-25 11:18:37', '2019-01-31 13:52:52');
INSERT INTO `profiles` (`user_id`, `gender`, `birthday`, `photo_id`, `city`, `country`, `created_at`, `updated_at`) VALUES (26, '\"', '2000-12-04', 331, 'New Felicitymouth', 'Cuba', '1991-12-16 02:10:58', '1985-01-13 04:34:35');
INSERT INTO `profiles` (`user_id`, `gender`, `birthday`, `photo_id`, `city`, `country`, `created_at`, `updated_at`) VALUES (27, '\"', '2007-05-28', 577, 'Rosieton', 'Djibouti', '1971-10-01 22:56:37', '2012-10-22 20:12:13');
INSERT INTO `profiles` (`user_id`, `gender`, `birthday`, `photo_id`, `city`, `country`, `created_at`, `updated_at`) VALUES (28, '\"', '1999-08-18', 354, 'Lake Kenna', 'Macao', '1996-08-09 05:31:06', '1974-10-09 00:19:10');
INSERT INTO `profiles` (`user_id`, `gender`, `birthday`, `photo_id`, `city`, `country`, `created_at`, `updated_at`) VALUES (29, '\"', '1976-10-09', 975, 'Weberton', 'Equatorial Guinea', '1993-02-10 04:20:27', '2017-02-13 09:21:59');
INSERT INTO `profiles` (`user_id`, `gender`, `birthday`, `photo_id`, `city`, `country`, `created_at`, `updated_at`) VALUES (30, '\"', '1972-12-10', 443, 'North Lacey', 'Egypt', '2014-04-12 02:38:41', '2007-11-21 18:19:10');
INSERT INTO `profiles` (`user_id`, `gender`, `birthday`, `photo_id`, `city`, `country`, `created_at`, `updated_at`) VALUES (31, '\"', '2015-01-07', 922, 'Nedfurt', 'Martinique', '2017-04-28 11:54:51', '2002-09-14 17:20:14');
INSERT INTO `profiles` (`user_id`, `gender`, `birthday`, `photo_id`, `city`, `country`, `created_at`, `updated_at`) VALUES (32, '\"', '2006-07-22', 871, 'South Kayleeville', 'Egypt', '1995-01-19 10:40:31', '2016-06-17 00:50:17');
INSERT INTO `profiles` (`user_id`, `gender`, `birthday`, `photo_id`, `city`, `country`, `created_at`, `updated_at`) VALUES (33, '\"', '1977-01-21', 6, 'East Ruthieton', 'Bosnia and Herzegovina', '2015-11-20 11:25:15', '2015-01-03 01:01:39');
INSERT INTO `profiles` (`user_id`, `gender`, `birthday`, `photo_id`, `city`, `country`, `created_at`, `updated_at`) VALUES (34, '\"', '2005-04-08', 146, 'Wisozkborough', 'Vanuatu', '1991-01-27 08:33:47', '1974-10-25 09:04:59');
INSERT INTO `profiles` (`user_id`, `gender`, `birthday`, `photo_id`, `city`, `country`, `created_at`, `updated_at`) VALUES (35, '\"', '1990-07-26', 833, 'New Ovafort', 'Saudi Arabia', '2009-09-19 05:52:47', '1992-06-04 18:35:30');
INSERT INTO `profiles` (`user_id`, `gender`, `birthday`, `photo_id`, `city`, `country`, `created_at`, `updated_at`) VALUES (36, '\"', '1972-10-01', 305, 'Runolfsdottirborough', 'Ethiopia', '1996-12-14 01:30:56', '2004-08-14 05:09:39');
INSERT INTO `profiles` (`user_id`, `gender`, `birthday`, `photo_id`, `city`, `country`, `created_at`, `updated_at`) VALUES (37, '\"', '1999-03-12', 579, 'West Jacynthe', 'Bangladesh', '2016-01-09 19:50:15', '1978-02-08 18:47:03');
INSERT INTO `profiles` (`user_id`, `gender`, `birthday`, `photo_id`, `city`, `country`, `created_at`, `updated_at`) VALUES (38, '\"', '1975-08-27', 905, 'New Roderickstad', 'Cuba', '2006-10-27 09:06:55', '2009-06-26 14:02:36');
INSERT INTO `profiles` (`user_id`, `gender`, `birthday`, `photo_id`, `city`, `country`, `created_at`, `updated_at`) VALUES (39, '\"', '1980-05-12', 577, 'South Jenningsfort', 'Serbia', '1986-12-02 08:49:20', '2013-01-10 23:08:04');
INSERT INTO `profiles` (`user_id`, `gender`, `birthday`, `photo_id`, `city`, `country`, `created_at`, `updated_at`) VALUES (40, '\"', '2008-06-07', 917, 'Dooleyfort', 'Uruguay', '2000-03-30 18:38:44', '2008-12-25 18:22:36');
INSERT INTO `profiles` (`user_id`, `gender`, `birthday`, `photo_id`, `city`, `country`, `created_at`, `updated_at`) VALUES (41, '\"', '1977-10-28', 57, 'Anabelleton', 'Hungary', '2016-09-11 18:56:38', '1973-10-11 21:45:03');
INSERT INTO `profiles` (`user_id`, `gender`, `birthday`, `photo_id`, `city`, `country`, `created_at`, `updated_at`) VALUES (42, '\"', '2019-02-07', 795, 'Kulasfurt', 'Fiji', '1981-08-16 17:29:53', '1970-12-04 16:05:06');
INSERT INTO `profiles` (`user_id`, `gender`, `birthday`, `photo_id`, `city`, `country`, `created_at`, `updated_at`) VALUES (43, '\"', '1999-04-01', 510, 'West Elijahville', 'Christmas Island', '1973-05-05 15:38:44', '1988-01-17 02:52:05');
INSERT INTO `profiles` (`user_id`, `gender`, `birthday`, `photo_id`, `city`, `country`, `created_at`, `updated_at`) VALUES (44, '\"', '1972-08-20', 772, 'East Leola', 'Guatemala', '1998-02-12 08:58:51', '2005-02-17 06:32:28');
INSERT INTO `profiles` (`user_id`, `gender`, `birthday`, `photo_id`, `city`, `country`, `created_at`, `updated_at`) VALUES (45, '\"', '2004-02-25', 450, 'South Lauryn', 'Tokelau', '1992-09-10 11:23:02', '2007-06-20 00:39:01');
INSERT INTO `profiles` (`user_id`, `gender`, `birthday`, `photo_id`, `city`, `country`, `created_at`, `updated_at`) VALUES (46, '\"', '1981-11-18', 688, 'West Mckaylaport', 'United States Virgin Islands', '1979-04-01 05:41:01', '1995-10-23 16:08:33');
INSERT INTO `profiles` (`user_id`, `gender`, `birthday`, `photo_id`, `city`, `country`, `created_at`, `updated_at`) VALUES (47, '\"', '1996-05-03', 738, 'East Alexandretown', 'Puerto Rico', '1992-06-25 12:09:26', '1996-06-03 12:47:35');
INSERT INTO `profiles` (`user_id`, `gender`, `birthday`, `photo_id`, `city`, `country`, `created_at`, `updated_at`) VALUES (48, '\"', '2015-04-29', 368, 'Jaidenfort', 'French Southern Territories', '2001-02-28 22:11:06', '1979-10-05 04:47:01');
INSERT INTO `profiles` (`user_id`, `gender`, `birthday`, `photo_id`, `city`, `country`, `created_at`, `updated_at`) VALUES (49, '\"', '1992-12-20', 59, 'Johnathonfort', 'Austria', '2015-08-19 23:15:27', '1985-01-06 14:02:21');
INSERT INTO `profiles` (`user_id`, `gender`, `birthday`, `photo_id`, `city`, `country`, `created_at`, `updated_at`) VALUES (50, '\"', '1998-12-20', 908, 'Deangelofort', 'Liechtenstein', '2003-11-17 18:43:47', '1977-08-09 09:00:36');
INSERT INTO `profiles` (`user_id`, `gender`, `birthday`, `photo_id`, `city`, `country`, `created_at`, `updated_at`) VALUES (51, '\"', '1972-11-04', 301, 'New Rickystad', 'Malaysia', '1984-08-12 02:47:10', '1974-10-20 15:40:35');
INSERT INTO `profiles` (`user_id`, `gender`, `birthday`, `photo_id`, `city`, `country`, `created_at`, `updated_at`) VALUES (52, '\"', '1979-11-15', 995, 'New Dorthyborough', 'Albania', '1981-03-30 19:17:49', '1987-06-08 20:50:48');
INSERT INTO `profiles` (`user_id`, `gender`, `birthday`, `photo_id`, `city`, `country`, `created_at`, `updated_at`) VALUES (53, '\"', '2004-06-09', 361, 'New Diego', 'Albania', '2004-09-01 03:02:10', '2010-10-07 17:39:48');
INSERT INTO `profiles` (`user_id`, `gender`, `birthday`, `photo_id`, `city`, `country`, `created_at`, `updated_at`) VALUES (54, '\"', '2012-10-30', 742, 'West Elbert', 'Morocco', '2011-10-25 14:15:18', '1991-11-06 21:49:03');
INSERT INTO `profiles` (`user_id`, `gender`, `birthday`, `photo_id`, `city`, `country`, `created_at`, `updated_at`) VALUES (55, '\"', '1992-12-02', 560, 'Julienhaven', 'Liberia', '1975-02-10 06:50:45', '2004-09-27 17:55:09');
INSERT INTO `profiles` (`user_id`, `gender`, `birthday`, `photo_id`, `city`, `country`, `created_at`, `updated_at`) VALUES (56, '\"', '1988-05-16', 314, 'Keaganhaven', 'Sudan', '1996-10-15 15:41:58', '2002-07-18 18:31:58');
INSERT INTO `profiles` (`user_id`, `gender`, `birthday`, `photo_id`, `city`, `country`, `created_at`, `updated_at`) VALUES (57, '\"', '1998-04-09', 673, 'South Leilaville', 'Malaysia', '1996-12-15 12:28:55', '1995-05-16 19:12:59');
INSERT INTO `profiles` (`user_id`, `gender`, `birthday`, `photo_id`, `city`, `country`, `created_at`, `updated_at`) VALUES (58, '\"', '2004-09-22', 390, 'East Maciville', 'Swaziland', '2016-03-05 14:49:31', '1970-09-02 09:31:42');
INSERT INTO `profiles` (`user_id`, `gender`, `birthday`, `photo_id`, `city`, `country`, `created_at`, `updated_at`) VALUES (59, '\"', '2014-09-01', 450, 'North Odie', 'Venezuela', '2014-04-09 05:05:07', '1980-06-25 16:15:15');
INSERT INTO `profiles` (`user_id`, `gender`, `birthday`, `photo_id`, `city`, `country`, `created_at`, `updated_at`) VALUES (60, '\"', '1993-02-18', 276, 'West Aurelioton', 'Bangladesh', '2002-06-13 19:50:50', '2014-07-01 10:35:05');
INSERT INTO `profiles` (`user_id`, `gender`, `birthday`, `photo_id`, `city`, `country`, `created_at`, `updated_at`) VALUES (61, '\"', '2006-01-10', 206, 'West Gretchen', 'British Indian Ocean Territory (Chagos Archipelago)', '1990-05-25 06:28:52', '2009-06-29 02:03:17');
INSERT INTO `profiles` (`user_id`, `gender`, `birthday`, `photo_id`, `city`, `country`, `created_at`, `updated_at`) VALUES (62, '\"', '2018-12-03', 721, 'Schmittside', 'Luxembourg', '1980-05-19 09:35:41', '1998-11-22 02:55:16');
INSERT INTO `profiles` (`user_id`, `gender`, `birthday`, `photo_id`, `city`, `country`, `created_at`, `updated_at`) VALUES (63, '\"', '1981-04-04', 681, 'Port Alanna', 'Falkland Islands (Malvinas)', '1988-04-12 16:38:27', '2012-05-09 23:36:19');
INSERT INTO `profiles` (`user_id`, `gender`, `birthday`, `photo_id`, `city`, `country`, `created_at`, `updated_at`) VALUES (64, '\"', '1998-07-13', 735, 'Luztown', 'Kyrgyz Republic', '1997-02-13 23:38:07', '1970-12-24 19:43:00');
INSERT INTO `profiles` (`user_id`, `gender`, `birthday`, `photo_id`, `city`, `country`, `created_at`, `updated_at`) VALUES (65, '\"', '1971-07-10', 545, 'North Karliburgh', 'Macao', '2004-09-01 12:49:13', '2010-12-17 20:55:29');
INSERT INTO `profiles` (`user_id`, `gender`, `birthday`, `photo_id`, `city`, `country`, `created_at`, `updated_at`) VALUES (66, '\"', '1975-06-20', 517, 'Lake Freidachester', 'Barbados', '2016-09-23 04:36:13', '2005-06-05 13:42:29');
INSERT INTO `profiles` (`user_id`, `gender`, `birthday`, `photo_id`, `city`, `country`, `created_at`, `updated_at`) VALUES (67, '\"', '1996-12-20', 591, 'Barbarafort', 'Sierra Leone', '1971-01-19 11:56:33', '2006-08-09 11:09:01');
INSERT INTO `profiles` (`user_id`, `gender`, `birthday`, `photo_id`, `city`, `country`, `created_at`, `updated_at`) VALUES (68, '\"', '1979-02-28', 825, 'North Anahiport', 'Austria', '2016-04-03 18:28:16', '1976-04-18 03:47:54');
INSERT INTO `profiles` (`user_id`, `gender`, `birthday`, `photo_id`, `city`, `country`, `created_at`, `updated_at`) VALUES (69, '\"', '2013-12-10', 534, 'East Edwardoside', 'Aruba', '1974-02-25 12:19:04', '1995-01-21 21:03:18');
INSERT INTO `profiles` (`user_id`, `gender`, `birthday`, `photo_id`, `city`, `country`, `created_at`, `updated_at`) VALUES (70, '\"', '2014-10-26', 331, 'Wintheiserfort', 'Montserrat', '1975-04-17 11:39:04', '1995-07-15 17:06:40');
INSERT INTO `profiles` (`user_id`, `gender`, `birthday`, `photo_id`, `city`, `country`, `created_at`, `updated_at`) VALUES (71, '\"', '2013-12-21', 326, 'Delphaville', 'Iran', '1976-09-15 13:34:37', '1991-11-12 20:05:53');
INSERT INTO `profiles` (`user_id`, `gender`, `birthday`, `photo_id`, `city`, `country`, `created_at`, `updated_at`) VALUES (72, '\"', '2013-10-01', 317, 'Lake Milfordmouth', 'Guyana', '2006-03-09 10:37:25', '2010-10-15 07:17:21');
INSERT INTO `profiles` (`user_id`, `gender`, `birthday`, `photo_id`, `city`, `country`, `created_at`, `updated_at`) VALUES (73, '\"', '1991-06-27', 847, 'Kamillechester', 'Egypt', '1975-12-08 06:48:49', '1990-08-06 15:26:06');
INSERT INTO `profiles` (`user_id`, `gender`, `birthday`, `photo_id`, `city`, `country`, `created_at`, `updated_at`) VALUES (74, '\"', '1991-08-08', 213, 'Bettyeside', 'Trinidad and Tobago', '2000-08-31 07:13:13', '2020-04-10 17:49:37');
INSERT INTO `profiles` (`user_id`, `gender`, `birthday`, `photo_id`, `city`, `country`, `created_at`, `updated_at`) VALUES (75, '\"', '1990-09-30', 986, 'North Tysonchester', 'Panama', '2013-09-05 14:55:38', '2000-11-01 02:57:30');
INSERT INTO `profiles` (`user_id`, `gender`, `birthday`, `photo_id`, `city`, `country`, `created_at`, `updated_at`) VALUES (76, '\"', '1985-11-15', 78, 'Ruthiestad', 'Czech Republic', '2012-09-29 09:25:20', '1984-10-04 03:04:25');
INSERT INTO `profiles` (`user_id`, `gender`, `birthday`, `photo_id`, `city`, `country`, `created_at`, `updated_at`) VALUES (77, '\"', '1973-10-23', 132, 'Lake Sigurd', 'Bahrain', '1994-11-10 12:11:20', '1981-07-20 23:08:27');
INSERT INTO `profiles` (`user_id`, `gender`, `birthday`, `photo_id`, `city`, `country`, `created_at`, `updated_at`) VALUES (78, '\"', '2003-04-10', 338, 'Beckermouth', 'Kuwait', '1978-02-28 07:32:38', '1997-09-06 11:45:04');
INSERT INTO `profiles` (`user_id`, `gender`, `birthday`, `photo_id`, `city`, `country`, `created_at`, `updated_at`) VALUES (79, '\"', '2016-06-30', 61, 'Kshlerintown', 'Namibia', '1993-05-16 15:09:33', '2015-05-04 04:57:28');
INSERT INTO `profiles` (`user_id`, `gender`, `birthday`, `photo_id`, `city`, `country`, `created_at`, `updated_at`) VALUES (80, '\"', '1981-03-09', 207, 'North Tyrique', 'Eritrea', '1990-06-17 02:04:26', '1977-06-28 13:43:33');
INSERT INTO `profiles` (`user_id`, `gender`, `birthday`, `photo_id`, `city`, `country`, `created_at`, `updated_at`) VALUES (81, '\"', '1991-08-01', 506, 'Lake Murl', 'Saint Martin', '1974-03-01 15:22:50', '1982-06-29 14:47:44');
INSERT INTO `profiles` (`user_id`, `gender`, `birthday`, `photo_id`, `city`, `country`, `created_at`, `updated_at`) VALUES (82, '\"', '1979-01-04', 250, 'North Quinton', 'Uganda', '2014-06-04 03:26:49', '1973-05-31 15:29:33');
INSERT INTO `profiles` (`user_id`, `gender`, `birthday`, `photo_id`, `city`, `country`, `created_at`, `updated_at`) VALUES (83, '\"', '2016-10-13', 842, 'Majorland', 'Liberia', '1986-07-21 09:31:49', '1983-02-11 13:51:59');
INSERT INTO `profiles` (`user_id`, `gender`, `birthday`, `photo_id`, `city`, `country`, `created_at`, `updated_at`) VALUES (84, '\"', '1989-06-11', 870, 'New Timmothytown', 'Kiribati', '2017-07-09 06:39:30', '1990-03-21 01:02:10');
INSERT INTO `profiles` (`user_id`, `gender`, `birthday`, `photo_id`, `city`, `country`, `created_at`, `updated_at`) VALUES (85, '\"', '2000-11-26', 497, 'Blakefort', 'Madagascar', '2019-05-28 13:33:53', '2008-02-03 19:30:06');
INSERT INTO `profiles` (`user_id`, `gender`, `birthday`, `photo_id`, `city`, `country`, `created_at`, `updated_at`) VALUES (86, '\"', '1983-06-02', 895, 'Lake Seanmouth', 'Estonia', '1972-12-01 09:14:31', '2001-01-14 23:38:24');
INSERT INTO `profiles` (`user_id`, `gender`, `birthday`, `photo_id`, `city`, `country`, `created_at`, `updated_at`) VALUES (87, '\"', '1978-10-12', 72, 'Cristton', 'Burundi', '1993-08-31 08:24:41', '1997-10-18 06:53:18');
INSERT INTO `profiles` (`user_id`, `gender`, `birthday`, `photo_id`, `city`, `country`, `created_at`, `updated_at`) VALUES (88, '\"', '1995-09-01', 53, 'New Alisa', 'Brunei Darussalam', '2020-05-10 01:06:34', '2003-01-28 12:43:37');
INSERT INTO `profiles` (`user_id`, `gender`, `birthday`, `photo_id`, `city`, `country`, `created_at`, `updated_at`) VALUES (89, '\"', '2014-08-02', 478, 'North Fannyburgh', 'Switzerland', '1975-10-30 15:50:05', '2014-02-06 18:08:24');
INSERT INTO `profiles` (`user_id`, `gender`, `birthday`, `photo_id`, `city`, `country`, `created_at`, `updated_at`) VALUES (90, '\"', '2019-01-09', 270, 'Jacobiside', 'British Indian Ocean Territory (Chagos Archipelago)', '1981-06-08 02:39:19', '1970-04-05 09:12:27');
INSERT INTO `profiles` (`user_id`, `gender`, `birthday`, `photo_id`, `city`, `country`, `created_at`, `updated_at`) VALUES (91, '\"', '1970-06-19', 954, 'East Clarabelle', 'Rwanda', '1976-07-01 23:24:16', '2017-08-25 23:19:51');
INSERT INTO `profiles` (`user_id`, `gender`, `birthday`, `photo_id`, `city`, `country`, `created_at`, `updated_at`) VALUES (92, '\"', '1981-01-29', 448, 'Arvelberg', 'Panama', '2018-10-21 10:06:45', '1994-12-08 21:44:49');
INSERT INTO `profiles` (`user_id`, `gender`, `birthday`, `photo_id`, `city`, `country`, `created_at`, `updated_at`) VALUES (93, '\"', '1996-04-04', 615, 'South Ursula', 'Afghanistan', '1971-11-14 01:24:15', '2007-12-16 16:04:29');
INSERT INTO `profiles` (`user_id`, `gender`, `birthday`, `photo_id`, `city`, `country`, `created_at`, `updated_at`) VALUES (94, '\"', '2017-08-24', 177, 'East Imogene', 'Aruba', '2015-10-10 11:41:45', '2004-08-17 18:24:34');
INSERT INTO `profiles` (`user_id`, `gender`, `birthday`, `photo_id`, `city`, `country`, `created_at`, `updated_at`) VALUES (95, '\"', '2007-05-06', 703, 'Gerlachton', 'Guinea-Bissau', '2018-03-25 21:38:15', '1991-10-02 19:16:16');
INSERT INTO `profiles` (`user_id`, `gender`, `birthday`, `photo_id`, `city`, `country`, `created_at`, `updated_at`) VALUES (96, '\"', '1989-04-27', 723, 'Morarstad', 'Greece', '1972-02-08 08:45:58', '2011-12-16 14:28:11');
INSERT INTO `profiles` (`user_id`, `gender`, `birthday`, `photo_id`, `city`, `country`, `created_at`, `updated_at`) VALUES (97, '\"', '2005-04-28', 695, 'Port Deangelo', 'Macedonia', '1995-09-17 08:33:16', '2009-05-25 11:54:42');
INSERT INTO `profiles` (`user_id`, `gender`, `birthday`, `photo_id`, `city`, `country`, `created_at`, `updated_at`) VALUES (98, '\"', '1976-12-15', 416, 'West Karelleton', 'Saint Lucia', '1994-03-05 21:26:16', '1991-03-05 07:13:33');
INSERT INTO `profiles` (`user_id`, `gender`, `birthday`, `photo_id`, `city`, `country`, `created_at`, `updated_at`) VALUES (99, '\"', '1998-03-14', 40, 'North Coby', 'Philippines', '1972-04-19 19:21:52', '1987-09-08 02:19:24');
INSERT INTO `profiles` (`user_id`, `gender`, `birthday`, `photo_id`, `city`, `country`, `created_at`, `updated_at`) VALUES (100, '\"', '1975-05-31', 162, 'South Dexter', 'France', '2009-02-02 04:45:21', '2016-08-30 16:32:52');
INSERT INTO `profiles` (`user_id`, `gender`, `birthday`, `photo_id`, `city`, `country`, `created_at`, `updated_at`) VALUES (101, '\"', '1995-03-05', 831, 'Nakiaborough', 'Maldives', '1995-04-04 13:39:43', '1979-07-19 14:22:44');
INSERT INTO `profiles` (`user_id`, `gender`, `birthday`, `photo_id`, `city`, `country`, `created_at`, `updated_at`) VALUES (102, '\"', '1996-02-29', 930, 'East Amaraside', 'Guyana', '1982-12-16 14:49:32', '1987-12-26 10:03:01');
INSERT INTO `profiles` (`user_id`, `gender`, `birthday`, `photo_id`, `city`, `country`, `created_at`, `updated_at`) VALUES (103, '\"', '1999-08-11', 508, 'Heaneyville', 'Algeria', '1986-07-07 22:45:36', '1999-12-17 00:14:35');
INSERT INTO `profiles` (`user_id`, `gender`, `birthday`, `photo_id`, `city`, `country`, `created_at`, `updated_at`) VALUES (104, '\"', '1991-01-22', 255, 'North Mariannaside', 'Hungary', '2015-12-25 23:23:41', '2000-01-21 00:35:50');
INSERT INTO `profiles` (`user_id`, `gender`, `birthday`, `photo_id`, `city`, `country`, `created_at`, `updated_at`) VALUES (105, '\"', '1978-09-30', 35, 'New Danykaberg', 'Falkland Islands (Malvinas)', '2007-05-10 23:10:33', '1972-05-26 17:15:11');
INSERT INTO `profiles` (`user_id`, `gender`, `birthday`, `photo_id`, `city`, `country`, `created_at`, `updated_at`) VALUES (106, '\"', '2003-08-09', 154, 'Denesikview', 'Costa Rica', '1994-09-15 14:33:25', '2013-11-21 18:30:41');
INSERT INTO `profiles` (`user_id`, `gender`, `birthday`, `photo_id`, `city`, `country`, `created_at`, `updated_at`) VALUES (107, '\"', '1981-08-05', 120, 'Reichertfort', 'Haiti', '1997-12-25 18:42:52', '1972-11-03 20:59:49');
INSERT INTO `profiles` (`user_id`, `gender`, `birthday`, `photo_id`, `city`, `country`, `created_at`, `updated_at`) VALUES (108, '\"', '1997-06-30', 233, 'North Johnathonborough', 'Western Sahara', '2007-01-03 20:49:47', '1983-08-17 06:23:20');
INSERT INTO `profiles` (`user_id`, `gender`, `birthday`, `photo_id`, `city`, `country`, `created_at`, `updated_at`) VALUES (109, '\"', '1990-10-15', 36, 'North Zitaborough', 'Pitcairn Islands', '1986-06-27 01:10:48', '2018-09-06 04:59:02');
INSERT INTO `profiles` (`user_id`, `gender`, `birthday`, `photo_id`, `city`, `country`, `created_at`, `updated_at`) VALUES (110, '\"', '1974-03-02', 448, 'Kaelahaven', 'Serbia', '2018-01-22 06:43:40', '1977-04-04 00:33:34');


#
# TABLE STRUCTURE FOR: users
#

DROP TABLE IF EXISTS `users`;

CREATE TABLE `users` (
  `id` int(10) unsigned NOT NULL AUTO_INCREMENT COMMENT 'Идентификатор строки',
  `first_name` varchar(100) COLLATE utf8_unicode_ci NOT NULL COMMENT 'Имя пользователя',
  `last_name` varchar(100) COLLATE utf8_unicode_ci NOT NULL COMMENT 'Фамилия пользователя',
  `email` varchar(100) COLLATE utf8_unicode_ci NOT NULL COMMENT 'Почта',
  `phone` varchar(100) COLLATE utf8_unicode_ci NOT NULL COMMENT 'Телефон',
  `created_at` datetime DEFAULT current_timestamp() COMMENT 'Время создания строки',
  `updated_at` datetime DEFAULT current_timestamp() ON UPDATE current_timestamp() COMMENT 'Время обновления строки',
  PRIMARY KEY (`id`),
  UNIQUE KEY `email` (`email`),
  UNIQUE KEY `phone` (`phone`)
) ENGINE=InnoDB AUTO_INCREMENT=111 DEFAULT CHARSET=utf8 COLLATE=utf8_unicode_ci COMMENT='Пользователи';

INSERT INTO `users` (`id`, `first_name`, `last_name`, `email`, `phone`, `created_at`, `updated_at`) VALUES (1, 'Berenice', 'Pfannerstill', 'sgusikowski@example.org', '(064)022-9435x858', '1975-08-13 04:03:26', '1979-02-01 08:24:35');
INSERT INTO `users` (`id`, `first_name`, `last_name`, `email`, `phone`, `created_at`, `updated_at`) VALUES (2, 'Boyd', 'Bartoletti', 'tromp.bethel@example.org', '115-060-2024', '1987-10-10 03:53:52', '2012-03-27 17:02:11');
INSERT INTO `users` (`id`, `first_name`, `last_name`, `email`, `phone`, `created_at`, `updated_at`) VALUES (3, 'Johnathon', 'Bruen', 'catherine.weissnat@example.com', '176-237-9623', '1991-11-30 23:42:13', '1998-05-05 14:22:37');
INSERT INTO `users` (`id`, `first_name`, `last_name`, `email`, `phone`, `created_at`, `updated_at`) VALUES (4, 'Jon', 'Bernhard', 'lavinia22@example.net', '+22(8)7530093509', '1977-08-22 17:01:35', '1984-12-18 23:28:35');
INSERT INTO `users` (`id`, `first_name`, `last_name`, `email`, `phone`, `created_at`, `updated_at`) VALUES (5, 'Claudine', 'Schmitt', 'carson10@example.net', '(122)240-9917', '1997-08-10 08:47:34', '2013-03-23 09:17:38');
INSERT INTO `users` (`id`, `first_name`, `last_name`, `email`, `phone`, `created_at`, `updated_at`) VALUES (6, 'Holly', 'Schumm', 'king.rosa@example.org', '+57(4)7531077650', '1979-02-14 00:35:16', '2007-08-13 06:34:33');
INSERT INTO `users` (`id`, `first_name`, `last_name`, `email`, `phone`, `created_at`, `updated_at`) VALUES (7, 'Bartholome', 'Bednar', 'obatz@example.org', '+07(4)6607436242', '1977-09-06 16:45:56', '2005-03-08 09:34:28');
INSERT INTO `users` (`id`, `first_name`, `last_name`, `email`, `phone`, `created_at`, `updated_at`) VALUES (8, 'Jaunita', 'Renner', 'predovic.adele@example.net', '944-342-3686', '1987-07-25 17:31:47', '1987-10-29 18:54:55');
INSERT INTO `users` (`id`, `first_name`, `last_name`, `email`, `phone`, `created_at`, `updated_at`) VALUES (9, 'Adolf', 'Auer', 'effertz.katherine@example.org', '03439111009', '1980-04-14 09:12:02', '2006-02-18 12:18:39');
INSERT INTO `users` (`id`, `first_name`, `last_name`, `email`, `phone`, `created_at`, `updated_at`) VALUES (10, 'Mikayla', 'Roob', 'cnicolas@example.org', '1-859-839-6664x5521', '1992-03-06 09:43:34', '1998-08-05 08:55:40');
INSERT INTO `users` (`id`, `first_name`, `last_name`, `email`, `phone`, `created_at`, `updated_at`) VALUES (11, 'Macey', 'Quigley', 'tyrique40@example.com', '114.084.5696x24517', '2010-08-03 19:10:38', '1979-02-23 01:28:37');
INSERT INTO `users` (`id`, `first_name`, `last_name`, `email`, `phone`, `created_at`, `updated_at`) VALUES (12, 'Osvaldo', 'Schmidt', 'alvena.zulauf@example.org', '1-752-413-5758', '2012-09-23 20:13:58', '2009-11-09 06:58:14');
INSERT INTO `users` (`id`, `first_name`, `last_name`, `email`, `phone`, `created_at`, `updated_at`) VALUES (13, 'Lavinia', 'Farrell', 'josephine.gusikowski@example.net', '127.936.4730', '2008-09-18 09:04:16', '1994-02-15 00:53:10');
INSERT INTO `users` (`id`, `first_name`, `last_name`, `email`, `phone`, `created_at`, `updated_at`) VALUES (14, 'Lola', 'Casper', 'ole.romaguera@example.com', '07484036681', '2014-08-14 21:59:18', '1993-06-18 09:26:00');
INSERT INTO `users` (`id`, `first_name`, `last_name`, `email`, `phone`, `created_at`, `updated_at`) VALUES (15, 'Marina', 'Bode', 'odie.lehner@example.com', '1-873-924-0602x57590', '1999-06-26 15:58:39', '2015-06-05 03:45:42');
INSERT INTO `users` (`id`, `first_name`, `last_name`, `email`, `phone`, `created_at`, `updated_at`) VALUES (16, 'Holden', 'Gleichner', 'richard.rice@example.com', '003.495.5658x79746', '2016-09-12 06:21:58', '1988-09-25 11:35:34');
INSERT INTO `users` (`id`, `first_name`, `last_name`, `email`, `phone`, `created_at`, `updated_at`) VALUES (17, 'Hank', 'DuBuque', 'jcarroll@example.org', '512-312-5827x7115', '1981-12-21 02:23:20', '2002-08-30 05:51:37');
INSERT INTO `users` (`id`, `first_name`, `last_name`, `email`, `phone`, `created_at`, `updated_at`) VALUES (18, 'Braden', 'Ziemann', 'gwolf@example.com', '07884249847', '2017-07-13 11:01:52', '1989-12-09 23:54:51');
INSERT INTO `users` (`id`, `first_name`, `last_name`, `email`, `phone`, `created_at`, `updated_at`) VALUES (19, 'Dovie', 'Bartell', 'winfield30@example.net', '1-512-124-8343x956', '1996-08-28 02:43:55', '2001-03-17 16:13:15');
INSERT INTO `users` (`id`, `first_name`, `last_name`, `email`, `phone`, `created_at`, `updated_at`) VALUES (20, 'Aimee', 'Carter', 'aron97@example.net', '(149)481-5693', '1971-07-09 20:39:40', '1981-01-29 03:13:43');
INSERT INTO `users` (`id`, `first_name`, `last_name`, `email`, `phone`, `created_at`, `updated_at`) VALUES (21, 'Aditya', 'O\'Hara', 'austen.stoltenberg@example.net', '08345912210', '2004-04-02 09:56:44', '1982-03-30 02:16:58');
INSERT INTO `users` (`id`, `first_name`, `last_name`, `email`, `phone`, `created_at`, `updated_at`) VALUES (22, 'Casimer', 'Grimes', 'pmcdermott@example.net', '08514410008', '1996-05-08 03:05:52', '1986-11-15 06:17:46');
INSERT INTO `users` (`id`, `first_name`, `last_name`, `email`, `phone`, `created_at`, `updated_at`) VALUES (23, 'Sandrine', 'Skiles', 'carmelo.lynch@example.net', '08280689899', '1990-04-10 02:45:03', '1991-06-28 10:54:56');
INSERT INTO `users` (`id`, `first_name`, `last_name`, `email`, `phone`, `created_at`, `updated_at`) VALUES (24, 'Keenan', 'Zieme', 'fahey.archibald@example.net', '1-178-991-0677', '2017-03-08 02:56:33', '2018-01-24 00:44:34');
INSERT INTO `users` (`id`, `first_name`, `last_name`, `email`, `phone`, `created_at`, `updated_at`) VALUES (25, 'Lonny', 'Jacobi', 'rbalistreri@example.com', '885.377.3034x085', '2001-10-17 08:15:35', '1992-08-22 16:41:20');
INSERT INTO `users` (`id`, `first_name`, `last_name`, `email`, `phone`, `created_at`, `updated_at`) VALUES (26, 'Eliezer', 'Emard', 'friesen.lloyd@example.net', '290.271.6333x6821', '2016-02-18 13:51:28', '2012-02-02 17:54:49');
INSERT INTO `users` (`id`, `first_name`, `last_name`, `email`, `phone`, `created_at`, `updated_at`) VALUES (27, 'Katelynn', 'Little', 'orin79@example.org', '543-643-0323x90151', '2018-10-31 22:41:53', '1980-12-07 03:51:17');
INSERT INTO `users` (`id`, `first_name`, `last_name`, `email`, `phone`, `created_at`, `updated_at`) VALUES (28, 'Blaise', 'Weber', 'ibrahim19@example.com', '+53(1)8770477019', '2017-12-06 08:26:22', '2013-03-10 21:42:49');
INSERT INTO `users` (`id`, `first_name`, `last_name`, `email`, `phone`, `created_at`, `updated_at`) VALUES (29, 'Natalie', 'Ruecker', 'emery.medhurst@example.com', '790.203.4417x015', '2006-12-28 00:35:12', '2013-09-15 23:57:32');
INSERT INTO `users` (`id`, `first_name`, `last_name`, `email`, `phone`, `created_at`, `updated_at`) VALUES (30, 'Ellen', 'Romaguera', 'hilda.pagac@example.org', '(952)402-8037x7918', '2007-05-23 14:06:43', '2019-05-25 17:19:57');
INSERT INTO `users` (`id`, `first_name`, `last_name`, `email`, `phone`, `created_at`, `updated_at`) VALUES (31, 'Bryon', 'Nienow', 'nmcclure@example.net', '960-953-6944', '2010-09-07 04:19:32', '1986-07-01 00:37:19');
INSERT INTO `users` (`id`, `first_name`, `last_name`, `email`, `phone`, `created_at`, `updated_at`) VALUES (32, 'Guillermo', 'Connelly', 'pschowalter@example.org', '369.145.0664x83305', '2007-02-16 13:33:40', '1990-04-11 07:08:19');
INSERT INTO `users` (`id`, `first_name`, `last_name`, `email`, `phone`, `created_at`, `updated_at`) VALUES (33, 'Durward', 'Buckridge', 'wnicolas@example.org', '426.426.2346x9085', '1998-01-05 05:10:47', '2010-05-10 16:00:58');
INSERT INTO `users` (`id`, `first_name`, `last_name`, `email`, `phone`, `created_at`, `updated_at`) VALUES (34, 'Xzavier', 'Pfannerstill', 'cynthia26@example.org', '04185473734', '1985-05-26 07:04:22', '1997-07-21 02:18:20');
INSERT INTO `users` (`id`, `first_name`, `last_name`, `email`, `phone`, `created_at`, `updated_at`) VALUES (35, 'Lori', 'Blanda', 'lind.bart@example.com', '09323043036', '2004-01-10 02:28:54', '1970-09-24 23:20:34');
INSERT INTO `users` (`id`, `first_name`, `last_name`, `email`, `phone`, `created_at`, `updated_at`) VALUES (36, 'Lavada', 'Grant', 'qkuhn@example.org', '402.468.9297x6318', '1996-02-04 07:33:55', '1972-06-23 23:57:32');
INSERT INTO `users` (`id`, `first_name`, `last_name`, `email`, `phone`, `created_at`, `updated_at`) VALUES (37, 'Nedra', 'Walsh', 'mkris@example.net', '+39(4)7475234114', '1982-09-11 15:43:10', '1977-12-05 19:29:44');
INSERT INTO `users` (`id`, `first_name`, `last_name`, `email`, `phone`, `created_at`, `updated_at`) VALUES (38, 'Jaquelin', 'O\'Hara', 'glover.rashad@example.org', '(628)763-6066x8531', '1998-10-29 08:46:04', '2013-05-21 12:57:20');
INSERT INTO `users` (`id`, `first_name`, `last_name`, `email`, `phone`, `created_at`, `updated_at`) VALUES (39, 'Dale', 'Tillman', 'larkin.ocie@example.net', '433.559.9404x607', '2006-12-25 07:14:22', '1977-05-10 21:40:16');
INSERT INTO `users` (`id`, `first_name`, `last_name`, `email`, `phone`, `created_at`, `updated_at`) VALUES (40, 'Cortez', 'Bins', 'khoeger@example.com', '580-785-4442', '1979-10-17 00:13:42', '1981-08-01 17:27:41');
INSERT INTO `users` (`id`, `first_name`, `last_name`, `email`, `phone`, `created_at`, `updated_at`) VALUES (41, 'Jeff', 'Kling', 'nathan90@example.com', '(362)536-3804', '2004-08-04 19:58:34', '1990-02-09 04:42:30');
INSERT INTO `users` (`id`, `first_name`, `last_name`, `email`, `phone`, `created_at`, `updated_at`) VALUES (42, 'Arely', 'Halvorson', 'rigoberto.cassin@example.net', '(857)692-6120x4411', '1988-10-28 11:48:14', '1992-05-28 07:17:34');
INSERT INTO `users` (`id`, `first_name`, `last_name`, `email`, `phone`, `created_at`, `updated_at`) VALUES (43, 'Hallie', 'Oberbrunner', 'sid39@example.org', '+95(7)5810255726', '1973-01-06 11:47:27', '1976-01-01 01:43:34');
INSERT INTO `users` (`id`, `first_name`, `last_name`, `email`, `phone`, `created_at`, `updated_at`) VALUES (44, 'Flavie', 'Orn', 'feil.abigail@example.org', '132.798.6139x1151', '1996-08-10 02:19:14', '2014-08-20 03:36:06');
INSERT INTO `users` (`id`, `first_name`, `last_name`, `email`, `phone`, `created_at`, `updated_at`) VALUES (45, 'Christy', 'Kreiger', 'lupe.walker@example.org', '+22(5)5347543689', '1973-06-28 14:11:44', '2012-04-10 05:30:21');
INSERT INTO `users` (`id`, `first_name`, `last_name`, `email`, `phone`, `created_at`, `updated_at`) VALUES (46, 'Khalid', 'Nolan', 'tsmith@example.org', '(537)142-5090x6567', '2018-06-01 01:25:20', '1976-07-18 23:00:59');
INSERT INTO `users` (`id`, `first_name`, `last_name`, `email`, `phone`, `created_at`, `updated_at`) VALUES (47, 'Domingo', 'Orn', 'mac.rutherford@example.com', '627-272-8972x561', '2013-06-26 10:28:54', '1993-09-23 02:24:38');
INSERT INTO `users` (`id`, `first_name`, `last_name`, `email`, `phone`, `created_at`, `updated_at`) VALUES (48, 'Marcelle', 'Cummerata', 'nader.dandre@example.org', '488-958-0573x49840', '2015-11-07 14:03:40', '1971-01-19 03:06:34');
INSERT INTO `users` (`id`, `first_name`, `last_name`, `email`, `phone`, `created_at`, `updated_at`) VALUES (49, 'Adrianna', 'Harris', 'pollich.price@example.com', '1-370-058-2320x4504', '1978-04-23 12:20:08', '2019-03-11 09:52:53');
INSERT INTO `users` (`id`, `first_name`, `last_name`, `email`, `phone`, `created_at`, `updated_at`) VALUES (50, 'Hattie', 'Luettgen', 'magdalena72@example.org', '1-527-297-5154', '1973-07-10 22:07:57', '2005-07-09 18:07:28');
INSERT INTO `users` (`id`, `first_name`, `last_name`, `email`, `phone`, `created_at`, `updated_at`) VALUES (51, 'Shaun', 'Kunde', 'gwendolyn.luettgen@example.net', '01534866822', '1983-02-13 18:05:18', '2011-01-14 11:01:21');
INSERT INTO `users` (`id`, `first_name`, `last_name`, `email`, `phone`, `created_at`, `updated_at`) VALUES (52, 'Angie', 'Torp', 'kcrona@example.com', '418.236.5616', '2001-01-15 21:18:25', '2008-08-20 11:53:36');
INSERT INTO `users` (`id`, `first_name`, `last_name`, `email`, `phone`, `created_at`, `updated_at`) VALUES (53, 'Krystina', 'Legros', 'isawayn@example.org', '606-678-7660x827', '2002-01-06 03:25:06', '1997-07-16 14:54:28');
INSERT INTO `users` (`id`, `first_name`, `last_name`, `email`, `phone`, `created_at`, `updated_at`) VALUES (54, 'Delpha', 'Flatley', 'lexi.huels@example.org', '1-728-459-9425', '1979-03-16 05:53:50', '2003-03-31 20:13:35');
INSERT INTO `users` (`id`, `first_name`, `last_name`, `email`, `phone`, `created_at`, `updated_at`) VALUES (55, 'Marcellus', 'Gaylord', 'tjacobs@example.com', '1-963-302-1507x3270', '1984-04-02 08:08:50', '1976-12-02 11:49:53');
INSERT INTO `users` (`id`, `first_name`, `last_name`, `email`, `phone`, `created_at`, `updated_at`) VALUES (56, 'Otho', 'Littel', 'skiles.zoey@example.net', '(083)568-9634x3523', '1977-01-23 02:56:53', '1979-10-14 18:45:06');
INSERT INTO `users` (`id`, `first_name`, `last_name`, `email`, `phone`, `created_at`, `updated_at`) VALUES (57, 'Filiberto', 'Beatty', 'terry.lily@example.com', '310-854-3928', '1983-08-22 12:13:00', '2012-11-29 12:26:45');
INSERT INTO `users` (`id`, `first_name`, `last_name`, `email`, `phone`, `created_at`, `updated_at`) VALUES (58, 'Lucy', 'Moen', 'leilani35@example.com', '928.865.9580x67187', '1982-02-01 12:44:05', '2002-11-09 10:13:31');
INSERT INTO `users` (`id`, `first_name`, `last_name`, `email`, `phone`, `created_at`, `updated_at`) VALUES (59, 'Maegan', 'Schaefer', 'zwalker@example.org', '354-530-0492', '1974-03-13 15:15:27', '2018-09-27 05:12:05');
INSERT INTO `users` (`id`, `first_name`, `last_name`, `email`, `phone`, `created_at`, `updated_at`) VALUES (60, 'Lea', 'Bergnaum', 'anya16@example.com', '+49(1)2924103513', '2008-06-01 21:29:10', '1977-11-15 16:04:22');
INSERT INTO `users` (`id`, `first_name`, `last_name`, `email`, `phone`, `created_at`, `updated_at`) VALUES (61, 'Julius', 'Welch', 'marshall.tremblay@example.org', '569-194-7366x736', '2001-12-15 02:39:53', '2001-01-06 13:07:32');
INSERT INTO `users` (`id`, `first_name`, `last_name`, `email`, `phone`, `created_at`, `updated_at`) VALUES (62, 'Tiana', 'Bashirian', 'frami.ayana@example.com', '187.242.7767x81812', '2017-09-12 20:09:48', '1970-04-10 05:23:20');
INSERT INTO `users` (`id`, `first_name`, `last_name`, `email`, `phone`, `created_at`, `updated_at`) VALUES (63, 'Foster', 'Turner', 'gspencer@example.com', '619.225.4944x123', '2005-08-29 16:25:28', '1981-12-09 12:18:27');
INSERT INTO `users` (`id`, `first_name`, `last_name`, `email`, `phone`, `created_at`, `updated_at`) VALUES (64, 'Ila', 'Daugherty', 'dorothea98@example.net', '(937)779-2339x140', '1995-12-30 14:47:51', '2006-07-19 03:14:10');
INSERT INTO `users` (`id`, `first_name`, `last_name`, `email`, `phone`, `created_at`, `updated_at`) VALUES (65, 'Jeffery', 'Heidenreich', 'easton74@example.net', '486-754-9998x474', '2017-10-02 22:12:03', '2018-02-04 09:04:35');
INSERT INTO `users` (`id`, `first_name`, `last_name`, `email`, `phone`, `created_at`, `updated_at`) VALUES (66, 'Rupert', 'Lind', 'spinka.martin@example.com', '+19(4)7611868943', '2016-12-20 06:30:35', '1988-09-16 12:00:49');
INSERT INTO `users` (`id`, `first_name`, `last_name`, `email`, `phone`, `created_at`, `updated_at`) VALUES (67, 'Mylene', 'Kuhn', 'sporer.alexis@example.com', '(373)147-2903x1441', '2003-07-18 16:29:44', '1978-12-18 10:17:42');
INSERT INTO `users` (`id`, `first_name`, `last_name`, `email`, `phone`, `created_at`, `updated_at`) VALUES (68, 'Lavern', 'Rohan', 'oberbrunner.monte@example.org', '(754)147-4204x3778', '1995-06-18 04:25:08', '2009-09-08 16:32:35');
INSERT INTO `users` (`id`, `first_name`, `last_name`, `email`, `phone`, `created_at`, `updated_at`) VALUES (69, 'Hazle', 'Ankunding', 'dexter61@example.net', '08211822547', '1994-01-03 19:07:52', '1983-04-23 16:15:01');
INSERT INTO `users` (`id`, `first_name`, `last_name`, `email`, `phone`, `created_at`, `updated_at`) VALUES (70, 'Janelle', 'Osinski', 'caleigh51@example.org', '01037922476', '1999-11-28 00:00:45', '1973-04-10 00:31:58');
INSERT INTO `users` (`id`, `first_name`, `last_name`, `email`, `phone`, `created_at`, `updated_at`) VALUES (71, 'Tremaine', 'Towne', 'abbott.jamison@example.org', '(265)174-6060', '1991-02-10 12:53:56', '2012-02-17 10:45:05');
INSERT INTO `users` (`id`, `first_name`, `last_name`, `email`, `phone`, `created_at`, `updated_at`) VALUES (72, 'Astrid', 'Feest', 'legros.nestor@example.org', '(585)903-0117', '1982-11-14 13:39:30', '1978-03-12 22:34:51');
INSERT INTO `users` (`id`, `first_name`, `last_name`, `email`, `phone`, `created_at`, `updated_at`) VALUES (73, 'Nathanial', 'Rowe', 'jade13@example.net', '1-329-880-2869x23502', '1994-04-20 16:14:18', '2006-02-21 16:51:28');
INSERT INTO `users` (`id`, `first_name`, `last_name`, `email`, `phone`, `created_at`, `updated_at`) VALUES (74, 'Leopoldo', 'Roberts', 'stan61@example.org', '626.194.0931', '1975-01-27 20:24:04', '2015-09-22 13:01:48');
INSERT INTO `users` (`id`, `first_name`, `last_name`, `email`, `phone`, `created_at`, `updated_at`) VALUES (75, 'Zackery', 'Schultz', 'ankunding.rosalyn@example.net', '339.919.0786', '1986-02-17 02:05:12', '2003-11-04 19:35:19');
INSERT INTO `users` (`id`, `first_name`, `last_name`, `email`, `phone`, `created_at`, `updated_at`) VALUES (76, 'Willa', 'Stiedemann', 'junior52@example.com', '556-422-0000x492', '1974-08-24 21:14:50', '1993-03-13 11:27:01');
INSERT INTO `users` (`id`, `first_name`, `last_name`, `email`, `phone`, `created_at`, `updated_at`) VALUES (77, 'Isaac', 'Fritsch', 'dale.abernathy@example.com', '08169217511', '1993-02-24 05:09:40', '1987-05-15 19:29:21');
INSERT INTO `users` (`id`, `first_name`, `last_name`, `email`, `phone`, `created_at`, `updated_at`) VALUES (78, 'Maurine', 'Roob', 'dessie.carroll@example.org', '604.013.1526x8760', '1978-07-11 23:03:45', '2002-07-26 12:40:12');
INSERT INTO `users` (`id`, `first_name`, `last_name`, `email`, `phone`, `created_at`, `updated_at`) VALUES (79, 'Trudie', 'Lubowitz', 'monique22@example.net', '101-244-6713x5970', '1976-04-10 01:15:07', '1974-11-11 12:53:20');
INSERT INTO `users` (`id`, `first_name`, `last_name`, `email`, `phone`, `created_at`, `updated_at`) VALUES (80, 'Lane', 'Schamberger', 'cathryn64@example.org', '+55(2)8606366568', '1971-07-02 11:42:38', '1992-03-04 10:17:24');
INSERT INTO `users` (`id`, `first_name`, `last_name`, `email`, `phone`, `created_at`, `updated_at`) VALUES (81, 'Maiya', 'Russel', 'kareem.shanahan@example.org', '696-021-2114x2341', '1975-07-19 06:37:46', '1988-03-19 15:26:58');
INSERT INTO `users` (`id`, `first_name`, `last_name`, `email`, `phone`, `created_at`, `updated_at`) VALUES (82, 'Madelynn', 'Bradtke', 'zula57@example.net', '059-811-2660x22745', '1980-12-27 18:56:08', '2005-07-06 04:57:27');
INSERT INTO `users` (`id`, `first_name`, `last_name`, `email`, `phone`, `created_at`, `updated_at`) VALUES (83, 'Emanuel', 'Langworth', 'hilpert.wendell@example.net', '1-738-028-3946x03142', '1978-12-26 04:00:40', '2000-07-06 02:50:42');
INSERT INTO `users` (`id`, `first_name`, `last_name`, `email`, `phone`, `created_at`, `updated_at`) VALUES (84, 'Kayla', 'Lemke', 'torp.makenna@example.net', '163-872-5178', '2014-01-06 00:51:50', '1985-04-16 13:04:33');
INSERT INTO `users` (`id`, `first_name`, `last_name`, `email`, `phone`, `created_at`, `updated_at`) VALUES (85, 'Magdalen', 'Heaney', 'xullrich@example.org', '279-200-3631x84413', '1993-10-05 19:07:45', '1975-10-02 20:56:35');
INSERT INTO `users` (`id`, `first_name`, `last_name`, `email`, `phone`, `created_at`, `updated_at`) VALUES (86, 'Teagan', 'Ward', 'dicki.alexa@example.org', '+70(1)1322835428', '1988-05-25 20:41:24', '1983-08-10 15:37:32');
INSERT INTO `users` (`id`, `first_name`, `last_name`, `email`, `phone`, `created_at`, `updated_at`) VALUES (87, 'Daphney', 'Kunze', 'haley.godfrey@example.com', '106.511.5977', '2008-10-01 17:21:08', '1974-06-13 04:17:26');
INSERT INTO `users` (`id`, `first_name`, `last_name`, `email`, `phone`, `created_at`, `updated_at`) VALUES (88, 'Victoria', 'Ebert', 'victor27@example.org', '(944)082-5286x541', '1975-05-20 11:24:45', '2005-08-01 07:25:35');
INSERT INTO `users` (`id`, `first_name`, `last_name`, `email`, `phone`, `created_at`, `updated_at`) VALUES (89, 'Everette', 'Haag', 'hand.jarred@example.com', '613.852.5562x1993', '2009-02-17 08:02:51', '1993-12-25 10:19:50');
INSERT INTO `users` (`id`, `first_name`, `last_name`, `email`, `phone`, `created_at`, `updated_at`) VALUES (90, 'Ova', 'Rowe', 'fahey.friedrich@example.net', '696.026.7975x485', '1997-10-06 14:16:06', '1974-10-01 06:22:23');
INSERT INTO `users` (`id`, `first_name`, `last_name`, `email`, `phone`, `created_at`, `updated_at`) VALUES (91, 'Tommie', 'Beer', 'casper.khalid@example.net', '377-331-3222', '2008-02-09 04:14:21', '1988-10-06 18:02:52');
INSERT INTO `users` (`id`, `first_name`, `last_name`, `email`, `phone`, `created_at`, `updated_at`) VALUES (92, 'Kacey', 'Blanda', 'cullen.hessel@example.net', '(953)970-8757', '1989-12-08 16:15:31', '1980-09-23 21:45:34');
INSERT INTO `users` (`id`, `first_name`, `last_name`, `email`, `phone`, `created_at`, `updated_at`) VALUES (93, 'Tremaine', 'Sporer', 'ruecker.baron@example.com', '03078834931', '2016-01-29 05:58:15', '1992-08-17 13:40:24');
INSERT INTO `users` (`id`, `first_name`, `last_name`, `email`, `phone`, `created_at`, `updated_at`) VALUES (94, 'Modesta', 'Strosin', 'king.carey@example.net', '191-529-6344', '1971-08-02 13:27:42', '2006-03-02 18:47:43');
INSERT INTO `users` (`id`, `first_name`, `last_name`, `email`, `phone`, `created_at`, `updated_at`) VALUES (95, 'Kirstin', 'Turcotte', 'mathias.lesch@example.net', '554.793.4094x648', '1995-02-14 23:49:11', '2016-08-15 18:44:39');
INSERT INTO `users` (`id`, `first_name`, `last_name`, `email`, `phone`, `created_at`, `updated_at`) VALUES (96, 'Tracey', 'Heathcote', 'gianni.cummerata@example.com', '02741947009', '2005-10-02 06:39:31', '1993-09-10 06:30:02');
INSERT INTO `users` (`id`, `first_name`, `last_name`, `email`, `phone`, `created_at`, `updated_at`) VALUES (97, 'Charlotte', 'Cruickshank', 'yabernathy@example.com', '494.860.0424x6691', '1991-12-09 11:54:55', '1991-01-19 19:48:33');
INSERT INTO `users` (`id`, `first_name`, `last_name`, `email`, `phone`, `created_at`, `updated_at`) VALUES (98, 'Trey', 'Satterfield', 'mosciski.antoinette@example.org', '875-719-3032', '2010-11-22 17:02:22', '2004-10-26 17:22:42');
INSERT INTO `users` (`id`, `first_name`, `last_name`, `email`, `phone`, `created_at`, `updated_at`) VALUES (99, 'Maci', 'Adams', 'bethany03@example.org', '662.460.1216', '2009-11-02 13:06:00', '1985-03-29 12:08:05');
INSERT INTO `users` (`id`, `first_name`, `last_name`, `email`, `phone`, `created_at`, `updated_at`) VALUES (100, 'Therese', 'Erdman', 'electa99@example.com', '01301808850', '1992-05-01 04:40:53', '1978-11-06 09:09:56');
INSERT INTO `users` (`id`, `first_name`, `last_name`, `email`, `phone`, `created_at`, `updated_at`) VALUES (101, 'Angel', 'Smitham', 'dstroman@example.net', '1-825-181-1724', '1981-02-13 17:15:28', '1978-05-16 19:10:00');
INSERT INTO `users` (`id`, `first_name`, `last_name`, `email`, `phone`, `created_at`, `updated_at`) VALUES (102, 'Zora', 'Mitchell', 'geoffrey81@example.com', '662-062-3977x40329', '2011-08-22 15:10:38', '1986-06-27 07:31:47');
INSERT INTO `users` (`id`, `first_name`, `last_name`, `email`, `phone`, `created_at`, `updated_at`) VALUES (103, 'Alexa', 'Bernier', 'gwen76@example.org', '03685519558', '1988-09-14 21:45:38', '1982-09-05 14:54:11');
INSERT INTO `users` (`id`, `first_name`, `last_name`, `email`, `phone`, `created_at`, `updated_at`) VALUES (104, 'Hayley', 'Ondricka', 'weissnat.rosanna@example.net', '+56(7)2654659529', '2010-12-21 01:23:32', '2012-07-13 16:48:22');
INSERT INTO `users` (`id`, `first_name`, `last_name`, `email`, `phone`, `created_at`, `updated_at`) VALUES (105, 'Johan', 'Funk', 'celestine.krajcik@example.com', '509.588.6391', '1993-07-09 07:44:31', '1999-08-09 01:30:30');
INSERT INTO `users` (`id`, `first_name`, `last_name`, `email`, `phone`, `created_at`, `updated_at`) VALUES (106, 'Forrest', 'Schuppe', 'ralph68@example.com', '1-360-295-0316x634', '1970-04-14 18:03:57', '2004-10-30 11:26:08');
INSERT INTO `users` (`id`, `first_name`, `last_name`, `email`, `phone`, `created_at`, `updated_at`) VALUES (107, 'Ferne', 'Upton', 'brown.evangeline@example.net', '759-634-8936', '2019-07-30 01:30:01', '2008-12-16 09:57:18');
INSERT INTO `users` (`id`, `first_name`, `last_name`, `email`, `phone`, `created_at`, `updated_at`) VALUES (108, 'Angelita', 'Murphy', 'reese.bradtke@example.org', '319-533-6407', '2007-08-30 15:13:27', '1975-03-15 04:49:29');
INSERT INTO `users` (`id`, `first_name`, `last_name`, `email`, `phone`, `created_at`, `updated_at`) VALUES (109, 'Viva', 'Friesen', 'major35@example.org', '(556)981-7828x382', '2005-01-03 13:48:42', '1995-02-01 04:50:18');
INSERT INTO `users` (`id`, `first_name`, `last_name`, `email`, `phone`, `created_at`, `updated_at`) VALUES (110, 'Jaiden', 'Bradtke', 'lafayette75@example.org', '1-631-522-2862', '1991-12-09 08:13:55', '1998-04-20 02:30:37');


