-- MySQL dump 10.13  Distrib 8.0.15, for Win64 (x86_64)
--
-- Host: localhost    Database: vk
-- ------------------------------------------------------
-- Server version	8.0.15

/*!40101 SET @OLD_CHARACTER_SET_CLIENT=@@CHARACTER_SET_CLIENT */;
/*!40101 SET @OLD_CHARACTER_SET_RESULTS=@@CHARACTER_SET_RESULTS */;
/*!40101 SET @OLD_COLLATION_CONNECTION=@@COLLATION_CONNECTION */;
 SET NAMES utf8mb4 ;
/*!40103 SET @OLD_TIME_ZONE=@@TIME_ZONE */;
/*!40103 SET TIME_ZONE='+00:00' */;
/*!40014 SET @OLD_UNIQUE_CHECKS=@@UNIQUE_CHECKS, UNIQUE_CHECKS=0 */;
/*!40014 SET @OLD_FOREIGN_KEY_CHECKS=@@FOREIGN_KEY_CHECKS, FOREIGN_KEY_CHECKS=0 */;
/*!40101 SET @OLD_SQL_MODE=@@SQL_MODE, SQL_MODE='NO_AUTO_VALUE_ON_ZERO' */;
/*!40111 SET @OLD_SQL_NOTES=@@SQL_NOTES, SQL_NOTES=0 */;

--
-- Table structure for table `communities`
--

DROP TABLE IF EXISTS `communities`;
/*!40101 SET @saved_cs_client     = @@character_set_client */;
 SET character_set_client = utf8mb4 ;
CREATE TABLE `communities` (
  `id` int(10) unsigned NOT NULL AUTO_INCREMENT COMMENT '╨Ш╨┤╨╡╨╜╤В╨╕╤Д╨╕╨║╨░╤В╨╛╤А ╤Б╤А╨╛╨║╨╕',
  `name` varchar(150) CHARACTER SET utf8 COLLATE utf8_unicode_ci NOT NULL COMMENT '╨Э╨░╨╖╨▓╨░╨╜╨╕╨╡ ╨│╤А╤Г╨┐╨┐╤Л',
  `created_at` datetime DEFAULT CURRENT_TIMESTAMP COMMENT '╨Т╤А╨╡╨╝╤П ╤Б╨╛╨╖╨┤╨░╨╜╨╕╤П ╤Б╤В╤А╨╛╨║╨╕',
  `updated_at` datetime DEFAULT CURRENT_TIMESTAMP ON UPDATE CURRENT_TIMESTAMP COMMENT '╨Т╤А╨╡╨╝╤П ╨╛╨▒╨╜╨╛╨▓╨╗╨╡╨╜╨╕╤П ╤Б╤В╤А╨╛╨║╨╕',
  PRIMARY KEY (`id`),
  UNIQUE KEY `name` (`name`)
) ENGINE=InnoDB AUTO_INCREMENT=11 DEFAULT CHARSET=utf8 COLLATE=utf8_unicode_ci COMMENT='╨У╤А╤Г╨┐╨┐╤Л';
/*!40101 SET character_set_client = @saved_cs_client */;

--
-- Dumping data for table `communities`
--

LOCK TABLES `communities` WRITE;
/*!40000 ALTER TABLE `communities` DISABLE KEYS */;
INSERT INTO `communities` VALUES (1,'Art of war','2020-06-30 16:24:39','2020-06-30 16:24:39'),(2,'Music bank','2020-06-30 16:24:39','2020-06-30 16:24:39'),(3,'Best films','2020-06-30 16:24:39','2020-06-30 16:24:39'),(4,'Adults only','2020-06-30 16:24:39','2020-06-30 16:24:39'),(5,'For kids','2020-06-30 16:24:39','2020-06-30 16:24:39'),(6,'Teleprogramms','2020-06-30 16:24:39','2020-06-30 16:24:39'),(7,'I hate sparrows','2020-06-30 16:24:39','2020-06-30 16:24:39'),(8,'Guano Apes','2020-06-30 16:24:39','2020-06-30 16:24:39'),(9,'Retro','2020-06-30 16:24:39','2020-06-30 16:24:39'),(10,'Nevermind','2020-06-30 16:24:39','2020-06-30 16:24:39');
/*!40000 ALTER TABLE `communities` ENABLE KEYS */;
UNLOCK TABLES;

--
-- Table structure for table `communities_users`
--

DROP TABLE IF EXISTS `communities_users`;
/*!40101 SET @saved_cs_client     = @@character_set_client */;
 SET character_set_client = utf8mb4 ;
CREATE TABLE `communities_users` (
  `community_id` int(10) unsigned NOT NULL COMMENT '╨б╤Б╤Л╨╗╨║╨░ ╨╜╨░ ╨│╤А╤Г╨┐╨┐╤Г',
  `user_id` int(10) unsigned NOT NULL COMMENT '╨б╤Б╤Л╨╗╨║╨░ ╨╜╨░ ╨┐╨╛╨╗╤М╨╖╨╛╨▓╨░╤В╨╡╨╗╤П',
  `created_at` datetime DEFAULT CURRENT_TIMESTAMP COMMENT '╨Т╤А╨╡╨╝╤П ╤Б╨╛╨╖╨┤╨░╨╜╨╕╤П ╤Б╤В╤А╨╛╨║╨╕',
  PRIMARY KEY (`community_id`,`user_id`) COMMENT '╨б╨╛╤Б╤В╨░╨▓╨╜╨╛╨╣ ╨┐╨╡╤А╨▓╨╕╤З╨╜╤Л╨╣ ╨║╨╗╤О╤З',
  KEY `communities_users_user_id_fk` (`user_id`),
  CONSTRAINT `communities_users_community_id_fk` FOREIGN KEY (`community_id`) REFERENCES `communities` (`id`),
  CONSTRAINT `communities_users_user_id_fk` FOREIGN KEY (`user_id`) REFERENCES `users` (`id`) ON DELETE CASCADE
) ENGINE=InnoDB DEFAULT CHARSET=utf8 COLLATE=utf8_unicode_ci COMMENT='╨г╤З╨░╤Б╤В╨╜╨╕╨║╨╕ ╨│╤А╤Г╨┐╨┐, ╤Б╨▓╤П╨╖╤М ╨╝╨╡╨╢╨┤╤Г ╨┐╨╛╨╗╤М╨╖╨╛╨▓╨░╤В╨╡╨╗╤П╨╝╨╕ ╨╕ ╨│╤А╤Г╨┐╨┐╨░╨╝╨╕';
/*!40101 SET character_set_client = @saved_cs_client */;

--
-- Dumping data for table `communities_users`
--

LOCK TABLES `communities_users` WRITE;
/*!40000 ALTER TABLE `communities_users` DISABLE KEYS */;
INSERT INTO `communities_users` VALUES (1,1,'1976-06-08 19:58:16'),(1,11,'2010-07-16 20:34:03'),(1,21,'1986-10-28 14:10:40'),(1,31,'1974-02-24 07:18:14'),(1,41,'2018-09-22 05:58:43'),(1,51,'1981-12-20 00:50:15'),(1,61,'1974-07-20 04:06:44'),(1,71,'2007-12-20 15:06:29'),(1,81,'1994-09-10 14:20:56'),(1,91,'1995-09-18 06:10:20'),(1,101,'1975-12-19 05:13:36'),(2,2,'2004-01-03 06:40:35'),(2,12,'1990-09-06 22:11:51'),(2,22,'2007-10-20 07:21:44'),(2,32,'1971-08-24 10:17:34'),(2,42,'1971-07-07 02:55:42'),(2,52,'1997-09-29 23:17:04'),(2,62,'1975-11-24 11:40:02'),(2,72,'1980-04-14 22:37:14'),(2,82,'1997-05-24 03:55:36'),(2,92,'1973-03-01 06:32:02'),(2,102,'2008-09-03 09:39:44'),(3,3,'2013-04-30 16:32:58'),(3,13,'2009-06-17 09:11:57'),(3,23,'2004-03-14 15:44:16'),(3,33,'1981-12-19 06:46:57'),(3,43,'2019-07-22 22:10:26'),(3,53,'1985-02-16 12:49:53'),(3,63,'1986-09-29 05:32:11'),(3,73,'1993-10-29 09:40:26'),(3,83,'2008-07-23 03:24:30'),(3,93,'2016-02-01 07:15:06'),(3,103,'1980-01-05 00:24:31'),(4,4,'2019-04-22 20:23:11'),(4,14,'1997-03-10 08:01:29'),(4,24,'1973-04-23 13:04:20'),(4,34,'1974-02-03 01:55:40'),(4,44,'2008-02-23 11:30:05'),(4,54,'1979-08-01 17:16:57'),(4,64,'1988-01-08 21:10:21'),(4,74,'1998-06-22 11:15:05'),(4,84,'1992-02-19 00:02:00'),(4,94,'1999-09-27 15:28:30'),(4,104,'2012-11-15 12:03:21'),(5,5,'1991-08-24 22:04:42'),(5,15,'1973-09-09 08:24:50'),(5,25,'2008-09-07 18:32:04'),(5,35,'1976-06-19 21:26:50'),(5,45,'1977-01-01 13:32:13'),(5,55,'2018-06-13 19:34:58'),(5,65,'1983-06-27 20:16:37'),(5,75,'2015-09-08 13:08:16'),(5,85,'2015-05-26 13:43:59'),(5,95,'1975-07-14 13:19:30'),(5,105,'2012-12-01 23:55:33'),(6,6,'1985-11-05 15:06:05'),(6,16,'2002-09-09 06:48:43'),(6,26,'1992-07-23 19:28:47'),(6,36,'1994-06-26 16:55:42'),(6,46,'1978-04-02 04:45:30'),(6,56,'2001-05-10 23:34:46'),(6,66,'1990-04-21 20:10:59'),(6,76,'2001-03-08 01:05:23'),(6,86,'1977-10-30 03:19:02'),(6,96,'1971-10-16 05:56:36'),(6,106,'1990-01-09 16:41:48'),(7,7,'2001-12-13 02:53:27'),(7,17,'1971-08-21 13:49:53'),(7,27,'2017-04-28 14:02:46'),(7,37,'2016-02-18 04:53:12'),(7,47,'1984-11-01 01:03:22'),(7,57,'2002-05-27 18:13:23'),(7,67,'1985-07-04 12:14:43'),(7,77,'1982-04-02 23:13:34'),(7,87,'2013-06-04 12:27:49'),(7,97,'1998-09-26 20:14:56'),(7,107,'1993-03-20 19:01:53'),(8,8,'1990-06-13 20:54:25'),(8,18,'1970-06-09 23:46:23'),(8,28,'2008-12-02 14:58:05'),(8,38,'1978-11-13 02:11:16'),(8,48,'2018-12-28 04:22:51'),(8,58,'2009-07-16 11:55:01'),(8,68,'2001-01-23 21:41:52'),(8,78,'1997-03-17 06:50:05'),(8,88,'1994-04-25 17:47:37'),(8,98,'2002-06-17 20:52:30'),(8,108,'1990-02-13 00:55:41'),(9,9,'1974-08-16 06:33:43'),(9,19,'1988-05-09 00:04:44'),(9,29,'1972-01-21 09:29:58'),(9,39,'2005-05-31 15:30:35'),(9,49,'1989-01-13 21:49:17'),(9,59,'1978-04-09 19:45:22'),(9,69,'1992-06-15 01:44:08'),(9,79,'2006-09-15 00:28:05'),(9,89,'1996-03-08 09:58:30'),(9,99,'1999-06-28 11:42:07'),(9,109,'2005-03-11 22:30:20'),(10,10,'2006-08-14 01:46:37'),(10,20,'2018-01-24 08:19:59'),(10,30,'1991-05-10 23:52:39'),(10,40,'2002-09-27 05:40:54'),(10,50,'1994-04-09 22:29:00'),(10,60,'2015-04-06 08:32:44'),(10,70,'1973-07-04 15:43:14'),(10,80,'1981-08-21 05:06:45'),(10,90,'2003-06-20 06:44:47'),(10,100,'1999-12-17 07:22:46'),(10,110,'1976-07-27 22:23:28');
/*!40000 ALTER TABLE `communities_users` ENABLE KEYS */;
UNLOCK TABLES;

--
-- Table structure for table `friendship`
--

DROP TABLE IF EXISTS `friendship`;
/*!40101 SET @saved_cs_client     = @@character_set_client */;
 SET character_set_client = utf8mb4 ;
CREATE TABLE `friendship` (
  `user_id` int(10) unsigned NOT NULL COMMENT '╨б╤Б╤Л╨╗╨║╨░ ╨╜╨░ ╨╕╨╜╨╕╤Ж╨╕╨░╤В╨╛╤А╨░ ╨┤╤А╤Г╨╢╨╡╤Б╨║╨╕╤Е ╨╛╤В╨╜╨╛╤И╨╡╨╜╨╕╨╣',
  `friend_id` int(10) unsigned NOT NULL COMMENT '╨б╤Б╤Л╨╗╨║╨░ ╨╜╨░ ╨┐╨╛╨╗╤Г╤З╨░╤В╨╡╨╗╤П ╨┐╤А╨╕╨│╨╗╨░╤И╨╡╨╜╨╕╤П ╨┤╤А╤Г╨╢╨╕╤В╤М',
  `status_id` int(10) unsigned NOT NULL COMMENT '╨б╤Б╤Л╨╗╨║╨░ ╨╜╨░ ╤Б╤В╨░╤В╤Г╤Б (╤В╨╡╨║╤Г╤Й╨╡╨╡ ╤Б╨╛╤Б╤В╨╛╤П╨╜╨╕╨╡) ╨╛╤В╨╜╨╛╤И╨╡╨╜╨╕╨╣',
  `requested_at` datetime DEFAULT CURRENT_TIMESTAMP COMMENT '╨Т╤А╨╡╨╝╤П ╨╛╤В╨┐╤А╨░╨▓╨╗╨╡╨╜╨╕╤П ╨┐╤А╨╕╨│╨╗╨░╤И╨╡╨╜╨╕╤П ╨┤╤А╤Г╨╢╨╕╤В╤М',
  `confirmed_at` datetime DEFAULT NULL COMMENT '╨Т╤А╨╡╨╝╤П ╨┐╨╛╨┤╤В╨▓╨╡╤А╨╢╨┤╨╡╨╜╨╕╤П ╨┐╤А╨╕╨│╨╗╨░╤И╨╡╨╜╨╕╤П',
  `created_at` datetime DEFAULT CURRENT_TIMESTAMP COMMENT '╨Т╤А╨╡╨╝╤П ╤Б╨╛╨╖╨┤╨░╨╜╨╕╤П ╤Б╤В╤А╨╛╨║╨╕',
  `updated_at` datetime DEFAULT CURRENT_TIMESTAMP ON UPDATE CURRENT_TIMESTAMP COMMENT '╨Т╤А╨╡╨╝╤П ╨╛╨▒╨╜╨╛╨▓╨╗╨╡╨╜╨╕╤П ╤Б╤В╤А╨╛╨║╨╕',
  PRIMARY KEY (`user_id`,`friend_id`) COMMENT '╨б╨╛╤Б╤В╨░╨▓╨╜╨╛╨╣ ╨┐╨╡╤А╨▓╨╕╤З╨╜╤Л╨╣ ╨║╨╗╤О╤З',
  KEY `friendship_friend_id_fk` (`friend_id`),
  KEY `friendship_status_id` (`status_id`),
  CONSTRAINT `friendship_friend_id_fk` FOREIGN KEY (`friend_id`) REFERENCES `users` (`id`),
  CONSTRAINT `friendship_status_id` FOREIGN KEY (`status_id`) REFERENCES `friendship_statuses` (`id`),
  CONSTRAINT `friendship_user_id_fk` FOREIGN KEY (`user_id`) REFERENCES `users` (`id`)
) ENGINE=InnoDB DEFAULT CHARSET=utf8 COLLATE=utf8_unicode_ci COMMENT='╨в╨░╨▒╨╗╨╕╤Ж╨░ ╨┤╤А╤Г╨╢╨▒╤Л';
/*!40101 SET character_set_client = @saved_cs_client */;

--
-- Dumping data for table `friendship`
--

LOCK TABLES `friendship` WRITE;
/*!40000 ALTER TABLE `friendship` DISABLE KEYS */;
INSERT INTO `friendship` VALUES (1,67,2,'2000-05-25 09:21:45','2020-06-30 18:10:43','1987-04-29 11:37:18','2020-06-30 18:18:48'),(2,66,2,'1982-03-11 06:48:18','1982-07-27 11:21:16','2015-07-02 18:43:27','2020-06-30 18:18:48'),(3,29,3,'1974-07-16 06:06:02','1985-08-03 13:10:57','1983-10-28 13:16:48','2020-06-30 18:18:48'),(4,48,1,'2005-08-24 23:36:15','2020-06-30 18:10:43','2010-06-22 00:40:08','2020-06-30 18:18:48'),(5,53,3,'2001-05-17 18:50:30','2020-06-30 18:10:43','2012-12-31 06:13:45','2020-06-30 18:18:48'),(6,19,1,'1980-12-13 13:07:26','2000-06-11 09:09:43','2003-09-11 12:37:44','2020-06-30 18:18:48'),(7,36,3,'1982-07-12 03:57:00','2000-07-08 23:39:07','2019-01-26 15:40:48','2020-06-30 18:18:48'),(8,20,3,'2017-09-28 03:43:32','2020-06-30 18:10:43','2016-04-30 09:33:05','2020-06-30 18:18:48'),(9,94,1,'2019-03-21 11:57:39','2020-06-30 18:10:43','2003-10-18 15:36:10','2020-06-30 18:18:48'),(11,68,2,'1977-10-15 19:25:19','2010-01-14 19:16:47','2019-06-23 22:24:44','2020-06-30 18:18:48'),(12,9,2,'1989-04-16 14:25:56','2020-06-30 18:10:43','2006-05-16 23:33:11','2020-06-30 18:18:48'),(13,40,3,'2007-02-23 06:35:31','2020-06-30 18:10:43','1996-01-24 01:26:05','2020-06-30 18:18:48'),(14,73,1,'2010-06-16 19:01:59','2020-06-30 18:10:43','1996-12-27 02:45:19','2020-06-30 18:18:48'),(15,44,1,'1981-04-19 04:50:46','1995-05-22 00:00:00','2006-04-24 09:26:31','2020-06-30 18:18:48'),(16,100,2,'1977-12-19 13:14:58','2017-10-08 11:01:42','2017-08-16 21:40:43','2020-06-30 18:18:48'),(17,67,1,'1995-04-23 20:00:41','2020-06-30 18:10:43','2012-11-30 20:19:26','2020-06-30 18:18:48'),(18,37,1,'2004-09-25 22:14:41','2020-06-30 18:10:43','2007-09-28 08:43:26','2020-06-30 18:18:48'),(19,83,1,'1971-05-01 01:51:10','1984-02-02 08:35:56','1993-05-21 01:58:46','2020-06-30 18:18:48'),(20,2,2,'2012-07-07 06:15:27','2018-03-13 20:55:00','1997-09-23 14:34:51','2020-06-30 18:18:48'),(21,60,1,'2014-02-26 07:48:09','2020-06-30 18:10:43','2009-04-02 09:26:12','2020-06-30 18:18:48'),(22,93,3,'2019-07-05 06:37:17','2020-06-30 18:10:43','1976-03-02 07:10:15','2020-06-30 18:18:48'),(23,86,3,'1984-11-24 14:11:33','2006-12-22 17:56:25','1994-09-08 00:59:04','2020-06-30 18:18:48'),(24,50,1,'1972-10-04 22:32:01','2015-06-18 04:03:59','2003-10-23 16:13:28','2020-06-30 18:18:48'),(25,91,3,'2011-08-29 22:39:14','2020-06-30 18:10:43','1998-02-05 05:03:54','2020-06-30 18:18:48'),(26,4,3,'1999-06-21 18:18:53','2020-06-30 18:10:43','2014-12-08 22:04:07','2020-06-30 18:18:48'),(27,48,2,'2003-02-03 11:56:42','2004-09-17 17:21:46','1975-07-10 03:45:47','2020-06-30 18:18:48'),(28,27,3,'2009-02-04 08:03:18','2020-06-30 18:10:43','1995-04-17 05:45:45','2020-06-30 18:18:48'),(29,89,3,'1988-04-26 14:18:31','2015-08-19 05:56:12','2017-05-02 01:29:16','2020-06-30 18:18:48'),(30,63,3,'2010-04-25 18:05:54','2020-06-30 18:10:43','1974-09-12 21:26:19','2020-06-30 18:18:48'),(31,49,1,'1973-12-07 10:26:08','1988-03-11 19:34:08','2010-03-10 19:34:27','2020-06-30 18:18:48'),(32,57,3,'2016-02-04 15:16:55','2020-06-30 18:10:43','2015-03-08 14:36:09','2020-06-30 18:18:48'),(33,35,1,'2004-11-30 23:54:01','2013-06-02 02:58:53','1989-05-05 18:12:44','2020-06-30 18:18:48'),(34,6,3,'1996-07-27 20:00:58','2016-06-09 19:47:30','2020-01-12 03:45:54','2020-06-30 18:18:48'),(35,22,2,'1984-06-06 23:54:44','2015-11-30 16:37:23','2019-06-17 07:28:24','2020-06-30 18:18:48'),(36,92,1,'1972-10-01 13:55:40','2009-01-16 02:09:55','2006-12-21 06:37:31','2020-06-30 18:18:48'),(37,93,2,'1989-11-08 10:25:02','2020-06-30 18:10:43','1979-08-18 14:30:07','2020-06-30 18:18:48'),(38,90,3,'2007-09-10 05:36:52','2020-06-30 18:10:43','1981-04-12 14:38:02','2020-06-30 18:18:48'),(39,68,1,'1997-07-18 10:05:11','2020-06-30 18:10:43','1971-08-17 17:16:41','2020-06-30 18:18:48'),(40,71,1,'1974-03-26 12:37:05','1974-06-08 04:40:02','1995-07-04 05:28:40','2020-06-30 18:18:48'),(41,51,1,'2019-04-13 04:05:15','2020-06-30 18:10:43','2000-11-13 15:02:48','2020-06-30 18:18:48'),(42,43,3,'1974-02-24 04:36:16','2003-07-05 07:35:52','2005-04-16 02:48:59','2020-06-30 18:18:48'),(43,58,2,'2005-06-30 18:20:12','2020-06-30 18:10:43','1973-05-23 00:13:31','2020-06-30 18:18:48'),(44,62,1,'1985-08-28 18:37:39','2018-12-06 21:34:40','1986-12-05 13:23:17','2020-06-30 18:18:48'),(45,35,3,'1970-10-06 11:40:51','1979-04-14 13:27:29','2012-02-02 12:46:21','2020-06-30 18:18:48'),(46,91,1,'1972-04-29 07:32:52','2002-12-15 15:52:51','1975-11-26 20:23:07','2020-06-30 18:18:48'),(48,64,2,'1975-10-19 03:42:27','2020-06-30 18:10:43','2012-06-06 12:51:42','2020-06-30 18:18:48'),(49,77,1,'1987-01-17 16:05:20','2006-11-09 21:37:09','1993-12-25 01:19:26','2020-06-30 18:18:48'),(50,91,1,'1977-04-09 10:59:01','2005-03-21 10:36:19','1972-03-05 09:59:05','2020-06-30 18:18:48'),(51,27,2,'2007-02-09 20:23:14','2020-06-30 18:10:43','2004-12-08 20:16:11','2020-06-30 18:18:48'),(52,59,1,'2001-12-14 07:47:04','2020-06-30 18:10:43','1995-05-30 13:22:22','2020-06-30 18:18:48'),(53,12,3,'1990-08-05 22:17:06','2020-06-30 18:10:43','1991-12-14 20:36:20','2020-06-30 18:18:48'),(54,85,1,'1988-04-28 13:57:36','2020-06-30 18:10:43','2011-02-01 01:48:14','2020-06-30 18:18:48'),(55,90,1,'1975-12-26 10:12:22','2020-06-30 18:10:43','2010-09-05 05:57:55','2020-06-30 18:18:48'),(56,92,2,'2020-02-28 12:31:41','2020-06-30 18:10:43','2003-08-18 12:25:36','2020-06-30 18:18:48'),(57,92,2,'2009-10-11 20:59:01','2020-06-30 18:10:43','2017-07-10 07:02:54','2020-06-30 18:18:48'),(58,81,3,'1978-09-21 06:08:39','1990-10-07 17:17:35','2015-11-23 12:33:28','2020-06-30 18:18:48'),(59,29,2,'1991-12-27 21:07:42','2020-06-30 18:10:43','1987-02-23 15:47:38','2020-06-30 18:18:48'),(60,3,2,'1994-09-18 02:00:15','2020-06-30 18:10:43','1986-02-20 13:18:45','2020-06-30 18:18:48'),(61,26,3,'1977-11-17 10:24:22','2009-02-03 05:51:46','1984-03-06 07:06:12','2020-06-30 18:18:48'),(62,19,1,'1999-01-29 01:44:09','2020-06-30 18:10:43','1997-10-26 10:31:17','2020-06-30 18:18:48'),(63,18,3,'1994-09-08 06:31:15','2002-09-30 20:36:33','1998-12-15 20:43:18','2020-06-30 18:18:48'),(64,31,3,'2008-01-06 16:20:58','2020-06-30 18:10:43','2013-01-28 16:10:02','2020-06-30 18:18:48'),(65,100,3,'1975-08-23 17:58:34','1994-05-24 02:22:12','2009-10-22 06:16:38','2020-06-30 18:18:48'),(66,7,1,'2002-02-06 00:14:28','2017-06-03 08:05:15','2000-08-24 15:55:47','2020-06-30 18:18:48'),(67,33,2,'2015-06-07 08:49:24','2020-06-30 18:10:43','1978-03-17 13:17:29','2020-06-30 18:18:48'),(68,47,3,'2008-05-09 23:01:24','2020-06-30 18:10:43','2001-03-13 18:30:58','2020-06-30 18:18:48'),(69,34,1,'1977-08-12 11:35:55','1978-09-17 08:12:36','2000-05-06 08:32:57','2020-06-30 18:18:48'),(70,27,3,'2005-06-08 18:10:45','2014-10-29 14:17:54','1971-11-23 13:39:06','2020-06-30 18:18:48'),(71,35,2,'2004-09-20 11:57:16','2020-06-30 18:10:43','2013-03-16 23:33:49','2020-06-30 18:18:48'),(72,94,1,'2005-11-29 23:35:52','2020-06-30 18:10:43','2015-09-22 00:33:00','2020-06-30 18:18:48'),(73,65,3,'1976-12-07 23:45:22','2015-11-01 10:32:14','2019-06-05 14:23:23','2020-06-30 18:18:48'),(74,40,3,'1972-08-12 01:18:23','1983-05-14 22:06:20','1987-06-11 09:29:53','2020-06-30 18:18:48'),(75,4,2,'1975-09-08 21:31:51','1995-01-02 21:10:02','2003-08-31 16:19:35','2020-06-30 18:18:48'),(76,99,2,'2017-09-18 15:12:46','2020-06-30 18:10:43','1986-09-01 04:49:07','2020-06-30 18:18:48'),(77,85,1,'1977-02-24 03:35:22','2004-01-31 23:09:47','1994-03-24 01:21:14','2020-06-30 18:18:48'),(78,25,2,'1982-03-28 21:16:38','1993-04-21 21:32:23','1977-12-22 03:03:54','2020-06-30 18:18:48'),(79,69,3,'1975-08-11 22:47:53','2006-07-03 21:21:33','1981-01-22 00:25:42','2020-06-30 18:18:48'),(80,70,1,'1985-10-07 12:35:38','1993-04-02 02:07:33','2002-12-11 03:56:01','2020-06-30 18:18:48'),(81,44,1,'1974-10-04 15:46:40','1980-12-19 09:25:54','2017-03-26 17:51:06','2020-06-30 18:18:48'),(82,8,2,'1981-06-10 04:44:31','2016-07-20 16:13:23','1983-07-28 12:16:32','2020-06-30 18:18:48'),(83,9,1,'2008-11-03 07:07:45','2020-06-30 18:10:43','2017-04-09 18:49:34','2020-06-30 18:18:48'),(84,20,3,'2007-05-11 03:01:32','2020-06-30 18:10:43','2003-03-23 20:57:24','2020-06-30 18:18:48'),(85,73,2,'1977-01-01 03:47:14','1996-02-06 00:15:38','2006-06-21 06:11:34','2020-06-30 18:18:48'),(86,2,1,'1990-07-18 03:43:46','2020-06-30 18:10:43','1988-03-08 16:19:32','2020-06-30 18:18:48'),(87,94,1,'2010-01-20 03:40:06','2020-06-30 18:10:43','2000-11-01 11:07:59','2020-06-30 18:18:48'),(88,60,2,'1991-07-15 10:53:27','2020-06-30 18:10:43','1980-10-10 02:56:19','2020-06-30 18:18:48'),(89,20,2,'2018-12-01 23:19:49','2020-06-30 18:10:43','2010-02-12 21:26:56','2020-06-30 18:18:48'),(90,20,1,'2015-12-18 06:12:24','2020-06-30 18:10:43','2010-08-01 08:50:47','2020-06-30 18:18:48'),(91,38,1,'1982-07-16 10:06:01','2006-01-26 18:12:29','1984-02-12 22:05:18','2020-06-30 18:18:48'),(92,32,2,'1992-09-11 23:54:10','2020-06-30 18:10:43','2018-08-03 05:36:21','2020-06-30 18:18:48'),(93,43,3,'1984-10-13 05:52:07','2016-06-10 05:35:01','1994-05-16 11:15:38','2020-06-30 18:18:48'),(94,21,1,'2004-03-14 19:01:53','2020-06-30 18:10:43','1984-11-14 21:41:27','2020-06-30 18:18:48'),(95,73,1,'1987-02-17 09:09:36','2020-06-30 18:10:43','1998-05-06 10:04:09','2020-06-30 18:18:48'),(96,3,2,'2017-11-10 22:50:53','2020-06-30 18:10:43','1997-12-19 06:32:43','2020-06-30 18:18:48'),(97,93,1,'2018-08-28 00:55:20','2020-06-30 18:10:43','1970-09-12 10:08:03','2020-06-30 18:18:48'),(98,57,1,'2008-06-18 19:16:12','2020-06-30 18:10:43','1977-07-12 08:22:20','2020-06-30 18:18:48'),(99,5,3,'1990-06-13 09:32:57','1992-06-01 22:31:52','1981-10-12 10:10:20','2020-06-30 18:18:48'),(100,53,3,'2019-01-15 04:35:09','2020-06-30 18:10:43','1989-01-02 05:50:11','2020-06-30 18:18:48'),(101,50,3,'1979-10-27 14:26:38','2016-06-02 01:51:37','1993-03-30 10:57:07','2020-06-30 18:18:48'),(102,89,1,'1998-10-21 16:07:08','2004-01-20 08:36:02','2005-08-14 08:17:41','2020-06-30 18:18:48'),(103,95,2,'2016-04-12 15:28:23','2020-06-30 18:10:43','2020-01-29 19:25:11','2020-06-30 18:18:48'),(104,8,1,'1990-12-02 03:13:27','2017-02-09 00:57:37','2005-04-12 11:28:48','2020-06-30 18:18:48'),(105,55,1,'2004-12-02 21:54:26','2020-06-30 18:10:43','1980-07-01 08:01:01','2020-06-30 18:18:48'),(106,50,2,'2000-05-09 23:09:18','2020-06-30 18:10:43','1983-05-01 02:00:43','2020-06-30 18:18:48'),(107,87,2,'1979-09-04 12:11:09','2020-06-30 18:10:43','1980-10-15 12:52:32','2020-06-30 18:18:48'),(108,81,1,'2000-06-26 04:38:30','2020-06-30 18:10:43','2001-07-30 01:04:15','2020-06-30 18:18:48'),(109,44,3,'1984-11-14 11:06:16','2006-10-30 09:49:19','2014-08-28 01:17:28','2020-06-30 18:18:48'),(110,79,1,'1976-01-30 17:50:38','2000-05-08 06:38:32','1974-05-07 12:19:20','2020-06-30 18:18:48');
/*!40000 ALTER TABLE `friendship` ENABLE KEYS */;
UNLOCK TABLES;

--
-- Table structure for table `friendship_statuses`
--

DROP TABLE IF EXISTS `friendship_statuses`;
/*!40101 SET @saved_cs_client     = @@character_set_client */;
 SET character_set_client = utf8mb4 ;
CREATE TABLE `friendship_statuses` (
  `id` int(10) unsigned NOT NULL AUTO_INCREMENT COMMENT '╨Ш╨┤╨╡╨╜╤В╨╕╤Д╨╕╨║╨░╤В╨╛╤А ╤Б╤В╤А╨╛╨║╨╕',
  `name` varchar(150) CHARACTER SET utf8 COLLATE utf8_unicode_ci NOT NULL COMMENT '╨Э╨░╨╖╨▓╨░╨╜╨╕╨╡ ╤Б╤В╨░╤В╤Г╤Б╨░',
  `created_at` datetime DEFAULT CURRENT_TIMESTAMP COMMENT '╨Т╤А╨╡╨╝╤П ╤Б╨╛╨╖╨┤╨░╨╜╨╕╤П ╤Б╤В╤А╨╛╨║╨╕',
  `updated_at` datetime DEFAULT CURRENT_TIMESTAMP ON UPDATE CURRENT_TIMESTAMP COMMENT '╨Т╤А╨╡╨╝╤П ╨╛╨▒╨╜╨╛╨▓╨╗╨╡╨╜╨╕╤П ╤Б╤В╤А╨╛╨║╨╕',
  PRIMARY KEY (`id`),
  UNIQUE KEY `name` (`name`)
) ENGINE=InnoDB AUTO_INCREMENT=4 DEFAULT CHARSET=utf8 COLLATE=utf8_unicode_ci COMMENT='╨б╤В╨░╤В╤Г╤Б╤Л ╨┤╤А╤Г╨╢╨▒╤Л';
/*!40101 SET character_set_client = @saved_cs_client */;

--
-- Dumping data for table `friendship_statuses`
--

LOCK TABLES `friendship_statuses` WRITE;
/*!40000 ALTER TABLE `friendship_statuses` DISABLE KEYS */;
INSERT INTO `friendship_statuses` VALUES (1,'request','2020-06-30 16:04:56','2020-06-30 16:04:56'),(2,'confirmed','2020-06-30 16:04:56','2020-06-30 16:04:56'),(3,'rejected','2020-06-30 16:04:56','2020-06-30 16:04:56');
/*!40000 ALTER TABLE `friendship_statuses` ENABLE KEYS */;
UNLOCK TABLES;

--
-- Table structure for table `likes`
--

DROP TABLE IF EXISTS `likes`;
/*!40101 SET @saved_cs_client     = @@character_set_client */;
 SET character_set_client = utf8mb4 ;
CREATE TABLE `likes` (
  `id` int(10) unsigned NOT NULL AUTO_INCREMENT,
  `user_id` int(10) unsigned NOT NULL,
  `target_id` int(10) unsigned NOT NULL,
  `target_type_id` int(10) unsigned NOT NULL,
  `created_at` datetime DEFAULT CURRENT_TIMESTAMP,
  `dislikes` tinyint(1) DEFAULT '0',
  PRIMARY KEY (`id`),
  KEY `likes_user_id_fk` (`user_id`),
  KEY `likes_target_type_id_fk` (`target_type_id`),
  CONSTRAINT `likes_target_type_id_fk` FOREIGN KEY (`target_type_id`) REFERENCES `target_types` (`id`),
  CONSTRAINT `likes_user_id_fk` FOREIGN KEY (`user_id`) REFERENCES `users` (`id`)
) ENGINE=InnoDB AUTO_INCREMENT=201 DEFAULT CHARSET=utf8mb4 COLLATE=utf8mb4_0900_ai_ci;
/*!40101 SET character_set_client = @saved_cs_client */;

--
-- Dumping data for table `likes`
--

LOCK TABLES `likes` WRITE;
/*!40000 ALTER TABLE `likes` DISABLE KEYS */;
INSERT INTO `likes` VALUES (1,15,87,1,'2020-07-15 17:24:32',0),(2,36,28,1,'2020-07-15 17:24:32',0),(3,53,79,1,'2020-07-15 17:24:32',0),(4,18,110,1,'2020-07-15 17:24:32',1),(5,75,111,1,'2020-07-15 17:24:32',0),(6,41,25,1,'2020-07-15 17:24:32',1),(7,69,7,4,'2020-07-15 17:24:32',1),(8,52,10,4,'2020-07-15 17:24:32',1),(9,27,104,2,'2020-07-15 17:24:32',0),(10,34,15,4,'2020-07-15 17:24:32',1),(11,54,108,2,'2020-07-15 17:24:32',1),(12,53,6,2,'2020-07-15 17:24:32',0),(13,105,36,2,'2020-07-15 17:24:32',1),(14,67,13,4,'2020-07-15 17:24:32',0),(15,68,1,3,'2020-07-15 17:24:32',0),(16,106,5,4,'2020-07-15 17:24:32',0),(17,57,2,3,'2020-07-15 17:24:32',0),(18,10,50,2,'2020-07-15 17:24:32',0),(19,32,14,4,'2020-07-15 17:24:32',1),(20,80,9,4,'2020-07-15 17:24:32',0),(21,86,4,4,'2020-07-15 17:24:32',0),(22,73,6,3,'2020-07-15 17:24:32',0),(23,23,190,1,'2020-07-15 17:24:32',1),(24,86,5,3,'2020-07-15 17:24:32',0),(25,109,3,3,'2020-07-15 17:24:32',0),(26,88,8,4,'2020-07-15 17:24:32',0),(27,51,75,1,'2020-07-15 17:24:32',0),(28,26,12,4,'2020-07-15 17:24:32',1),(29,22,21,3,'2020-07-15 17:24:32',1),(30,47,31,2,'2020-07-15 17:24:32',1),(31,64,7,2,'2020-07-15 17:24:32',1),(32,100,5,1,'2020-07-15 17:24:32',0),(33,88,49,2,'2020-07-15 17:24:32',0),(34,9,198,1,'2020-07-15 17:24:32',0),(35,75,5,2,'2020-07-15 17:24:32',0),(36,86,176,1,'2020-07-15 17:24:32',1),(37,60,95,2,'2020-07-15 17:24:32',0),(38,27,11,3,'2020-07-15 17:24:32',0),(39,71,6,4,'2020-07-15 17:24:32',1),(40,4,15,3,'2020-07-15 17:24:32',0),(41,104,21,2,'2020-07-15 17:24:32',0),(42,18,85,1,'2020-07-15 17:24:32',1),(43,11,41,2,'2020-07-15 17:24:32',0),(44,36,31,2,'2020-07-15 17:24:32',1),(45,68,32,2,'2020-07-15 17:24:32',0),(46,8,66,2,'2020-07-15 17:24:32',0),(47,49,8,4,'2020-07-15 17:24:32',1),(48,91,8,4,'2020-07-15 17:24:32',1),(49,41,13,4,'2020-07-15 17:24:32',1),(50,97,15,2,'2020-07-15 17:24:32',0),(51,53,95,1,'2020-07-15 17:24:32',0),(52,96,19,1,'2020-07-15 17:24:32',1),(53,23,95,2,'2020-07-15 17:24:32',0),(54,56,12,1,'2020-07-15 17:24:32',0),(55,92,19,3,'2020-07-15 17:24:32',0),(56,61,98,2,'2020-07-15 17:24:32',0),(57,95,10,3,'2020-07-15 17:24:32',1),(58,74,200,1,'2020-07-15 17:24:32',0),(59,16,13,4,'2020-07-15 17:24:32',1),(60,84,11,3,'2020-07-15 17:24:32',0),(61,57,95,2,'2020-07-15 17:24:32',1),(62,108,73,2,'2020-07-15 17:24:32',1),(63,82,2,3,'2020-07-15 17:24:32',0),(64,110,164,1,'2020-07-15 17:24:32',0),(65,82,79,2,'2020-07-15 17:24:32',0),(66,47,21,3,'2020-07-15 17:24:32',1),(67,84,11,4,'2020-07-15 17:24:32',1),(68,41,13,4,'2020-07-15 17:24:32',1),(69,80,14,3,'2020-07-15 17:24:32',0),(70,87,2,4,'2020-07-15 17:24:32',0),(71,79,15,4,'2020-07-15 17:24:32',1),(72,101,19,1,'2020-07-15 17:24:32',0),(73,67,7,4,'2020-07-15 17:24:32',1),(74,98,63,2,'2020-07-15 17:24:32',0),(75,108,79,2,'2020-07-15 17:24:32',0),(76,101,5,3,'2020-07-15 17:24:32',0),(77,52,4,3,'2020-07-15 17:24:32',1),(78,91,94,2,'2020-07-15 17:24:32',0),(79,87,14,2,'2020-07-15 17:24:32',0),(80,23,5,3,'2020-07-15 17:24:32',1),(81,5,7,4,'2020-07-15 17:24:32',0),(82,63,12,4,'2020-07-15 17:24:32',1),(83,63,11,4,'2020-07-15 17:24:32',0),(84,76,1,1,'2020-07-15 17:24:32',1),(85,47,8,2,'2020-07-15 17:24:32',0),(86,13,12,3,'2020-07-15 17:24:32',1),(87,20,106,2,'2020-07-15 17:24:32',1),(88,84,150,1,'2020-07-15 17:24:32',0),(89,50,4,3,'2020-07-15 17:24:32',1),(90,65,5,3,'2020-07-15 17:24:32',0),(91,30,144,1,'2020-07-15 17:24:32',1),(92,29,67,2,'2020-07-15 17:24:32',0),(93,14,11,3,'2020-07-15 17:24:32',1),(94,47,14,2,'2020-07-15 17:24:32',1),(95,82,2,4,'2020-07-15 17:24:32',1),(96,23,18,3,'2020-07-15 17:24:32',1),(97,103,91,2,'2020-07-15 17:24:32',1),(98,85,7,4,'2020-07-15 17:24:32',0),(99,85,15,3,'2020-07-15 17:24:32',0),(100,7,80,2,'2020-07-15 17:24:32',0),(101,71,18,2,'2020-07-15 17:24:32',1),(102,28,21,3,'2020-07-15 17:24:32',1),(103,84,70,1,'2020-07-15 17:24:32',1),(104,38,19,3,'2020-07-15 17:24:32',0),(105,109,69,2,'2020-07-15 17:24:32',0),(106,80,12,4,'2020-07-15 17:24:32',1),(107,14,11,4,'2020-07-15 17:24:32',1),(108,57,10,3,'2020-07-15 17:24:32',0),(109,29,117,1,'2020-07-15 17:24:32',1),(110,91,4,4,'2020-07-15 17:24:32',1),(111,87,1,4,'2020-07-15 17:24:32',1),(112,8,15,3,'2020-07-15 17:24:32',0),(113,4,6,4,'2020-07-15 17:24:32',0),(114,94,11,4,'2020-07-15 17:24:32',1),(115,3,1,3,'2020-07-15 17:24:32',0),(116,81,177,1,'2020-07-15 17:24:32',0),(117,22,2,3,'2020-07-15 17:24:32',1),(118,85,7,3,'2020-07-15 17:24:32',0),(119,48,69,2,'2020-07-15 17:24:32',0),(120,101,132,1,'2020-07-15 17:24:32',0),(121,49,5,3,'2020-07-15 17:24:32',1),(122,89,7,4,'2020-07-15 17:24:32',0),(123,23,1,4,'2020-07-15 17:24:32',0),(124,77,127,1,'2020-07-15 17:24:32',1),(125,40,12,4,'2020-07-15 17:24:32',1),(126,56,39,1,'2020-07-15 17:24:32',1),(127,35,5,3,'2020-07-15 17:24:32',1),(128,20,8,3,'2020-07-15 17:24:32',0),(129,25,14,1,'2020-07-15 17:24:32',1),(130,110,30,2,'2020-07-15 17:24:32',0),(131,15,3,3,'2020-07-15 17:24:32',0),(132,71,14,4,'2020-07-15 17:24:32',1),(133,89,52,2,'2020-07-15 17:24:32',1),(134,100,152,1,'2020-07-15 17:24:32',0),(135,47,57,2,'2020-07-15 17:24:32',0),(136,54,4,4,'2020-07-15 17:24:32',1),(137,17,20,2,'2020-07-15 17:24:32',0),(138,55,12,3,'2020-07-15 17:24:32',1),(139,64,40,2,'2020-07-15 17:24:32',0),(140,33,117,1,'2020-07-15 17:24:32',1),(141,42,9,3,'2020-07-15 17:24:32',0),(142,61,127,1,'2020-07-15 17:24:32',0),(143,80,29,2,'2020-07-15 17:24:32',0),(144,9,6,4,'2020-07-15 17:24:32',1),(145,81,8,3,'2020-07-15 17:24:32',0),(146,85,13,3,'2020-07-15 17:24:32',0),(147,95,23,2,'2020-07-15 17:24:32',0),(148,58,85,1,'2020-07-15 17:24:32',0),(149,87,28,2,'2020-07-15 17:24:32',1),(150,72,4,4,'2020-07-15 17:24:32',0),(151,37,69,2,'2020-07-15 17:24:32',0),(152,48,21,3,'2020-07-15 17:24:32',0),(153,33,1,3,'2020-07-15 17:24:32',1),(154,29,42,2,'2020-07-15 17:24:32',0),(155,87,44,1,'2020-07-15 17:24:32',1),(156,93,166,1,'2020-07-15 17:24:32',1),(157,58,1,4,'2020-07-15 17:24:32',1),(158,54,4,3,'2020-07-15 17:24:32',0),(159,106,19,3,'2020-07-15 17:24:32',1),(160,71,2,2,'2020-07-15 17:24:32',0),(161,66,105,2,'2020-07-15 17:24:32',0),(162,19,97,1,'2020-07-15 17:24:32',0),(163,106,76,2,'2020-07-15 17:24:32',0),(164,76,6,4,'2020-07-15 17:24:32',0),(165,83,65,2,'2020-07-15 17:24:32',0),(166,110,14,4,'2020-07-15 17:24:32',1),(167,42,186,1,'2020-07-15 17:24:32',1),(168,102,4,4,'2020-07-15 17:24:32',0),(169,6,8,4,'2020-07-15 17:24:32',1),(170,62,16,3,'2020-07-15 17:24:32',0),(171,82,97,2,'2020-07-15 17:24:32',1),(172,35,70,2,'2020-07-15 17:24:32',0),(173,58,5,3,'2020-07-15 17:24:32',1),(174,91,12,4,'2020-07-15 17:24:32',0),(175,79,37,1,'2020-07-15 17:24:32',0),(176,27,27,1,'2020-07-15 17:24:32',0),(177,33,17,3,'2020-07-15 17:24:32',1),(178,14,7,3,'2020-07-15 17:24:32',0),(179,87,23,1,'2020-07-15 17:24:32',0),(180,27,4,4,'2020-07-15 17:24:32',0),(181,46,58,2,'2020-07-15 17:24:32',0),(182,89,5,3,'2020-07-15 17:24:32',1),(183,78,35,1,'2020-07-15 17:24:32',0),(184,31,15,4,'2020-07-15 17:24:32',1),(185,93,5,3,'2020-07-15 17:24:32',1),(186,59,7,3,'2020-07-15 17:24:32',0),(187,62,21,3,'2020-07-15 17:24:32',1),(188,75,1,4,'2020-07-15 17:24:32',1),(189,19,106,1,'2020-07-15 17:24:32',0),(190,26,23,1,'2020-07-15 17:24:32',1),(191,93,80,2,'2020-07-15 17:24:32',1),(192,1,197,1,'2020-07-15 17:24:32',0),(193,56,5,2,'2020-07-15 17:24:32',0),(194,104,4,2,'2020-07-15 17:24:32',1),(195,19,8,4,'2020-07-15 17:24:32',0),(196,102,3,4,'2020-07-15 17:24:32',1),(197,53,19,3,'2020-07-15 17:24:32',0),(198,39,3,2,'2020-07-15 17:24:32',1),(199,35,7,4,'2020-07-15 17:24:32',1),(200,74,116,1,'2020-07-15 17:24:32',1);
/*!40000 ALTER TABLE `likes` ENABLE KEYS */;
UNLOCK TABLES;

--
-- Table structure for table `media`
--

DROP TABLE IF EXISTS `media`;
/*!40101 SET @saved_cs_client     = @@character_set_client */;
 SET character_set_client = utf8mb4 ;
CREATE TABLE `media` (
  `id` int(10) unsigned NOT NULL AUTO_INCREMENT COMMENT '╨Ш╨┤╨╡╨╜╤В╨╕╤Д╨╕╨║╨░╤В╨╛╤А ╤Б╤В╤А╨╛╨║╨╕',
  `user_id` int(10) unsigned NOT NULL COMMENT '╨б╤Б╤Л╨╗╨║╨░ ╨╜╨░ ╨┐╨╛╨╗╤М╨╖╨╛╨▓╨░╤В╨╡╨╗╤П, ╨║╨╛╤В╨╛╤А╤Л╨╣ ╨╖╨░╨│╤А╤Г╨╖╨╕╨╗ ╤Д╨░╨╣╨╗',
  `filename` varchar(255) CHARACTER SET utf8 COLLATE utf8_unicode_ci NOT NULL COMMENT '╨Я╤Г╤В╤М ╨║ ╤Д╨░╨╣╨╗╤Г',
  `size` int(11) NOT NULL COMMENT '╨а╨░╨╖╨╝╨╡╤А ╤Д╨░╨╣╨╗╨░',
  `metadata` longtext CHARACTER SET utf8mb4 COLLATE utf8mb4_bin COMMENT '╨Ь╨╡╤В╨░╨┤╨░╨╜╨╜╤Л╨╡ ╤Д╨░╨╣╨╗╨░',
  `media_type_id` int(10) unsigned NOT NULL COMMENT '╨б╤Б╤Л╨╗╨║╨░ ╨╜╨░ ╤В╨╕╨┐ ╨║╨╛╨╜╤В╨╡╨╜╤В╨░',
  `created_at` datetime DEFAULT CURRENT_TIMESTAMP COMMENT '╨Т╤А╨╡╨╝╤П ╤Б╨╛╨╖╨┤╨░╨╜╨╕╤П ╤Б╤В╤А╨╛╨║╨╕',
  `updated_at` datetime DEFAULT CURRENT_TIMESTAMP ON UPDATE CURRENT_TIMESTAMP COMMENT '╨Т╤А╨╡╨╝╤П ╨╛╨▒╨╜╨╛╨▓╨╗╨╡╨╜╨╕╤П ╤Б╤В╤А╨╛╨║╨╕',
  PRIMARY KEY (`id`),
  KEY `media_media_type_id_fk` (`media_type_id`),
  KEY `media_user_id_fk` (`user_id`),
  CONSTRAINT `media_media_type_id_fk` FOREIGN KEY (`media_type_id`) REFERENCES `media_types` (`id`),
  CONSTRAINT `media_user_id_fk` FOREIGN KEY (`user_id`) REFERENCES `users` (`id`) ON DELETE CASCADE
) ENGINE=InnoDB AUTO_INCREMENT=22 DEFAULT CHARSET=utf8 COLLATE=utf8_unicode_ci COMMENT='╨Ь╨╡╨┤╨╕╨░╤Д╨░╨╣╨╗╤Л';
/*!40101 SET character_set_client = @saved_cs_client */;

--
-- Dumping data for table `media`
--

LOCK TABLES `media` WRITE;
/*!40000 ALTER TABLE `media` DISABLE KEYS */;
INSERT INTO `media` VALUES (1,93,'https://dropbox.com/vk/sprut.gif',1861,'{\'author\':\'DC\'}',1,'2020-06-30 17:13:26','2020-06-30 17:52:58'),(2,4,'https://dropbox.com/vk/demon.mp3',3037,'{\'author\':\'Korn\'}',3,'2020-06-30 17:13:26','2020-06-30 17:57:46'),(3,95,'https://dropbox.com/vk/sdfr.mpeg',10770,'{\'author\':\'Korn\'}',2,'2020-06-30 17:13:26','2020-06-30 17:55:37'),(4,37,'https://dropbox.com/vk/carousel.gif',7647,'{\'author\':\'Korn\'}',1,'2020-06-30 17:13:26','2020-06-30 17:52:58'),(5,9,'https://dropbox.com/vk/engine.gif',8978,'{\'author\':\'Korn\'}',1,'2020-06-30 17:13:26','2020-06-30 17:52:58'),(6,21,'https://dropbox.com/vk/beast.mp3',9776,'{\'author\':\'Korn\'}',3,'2020-06-30 17:13:26','2020-06-30 17:57:46'),(7,20,'https://dropbox.com/vk/sprut.gif',7721,'{\'author\':\'Korn\'}',1,'2020-06-30 17:13:26','2020-06-30 17:52:58'),(8,89,'https://dropbox.com/vk/metapure.jpeg',1721,'{\'author\':\'Korn\'}',1,'2020-06-30 17:13:26','2020-06-30 17:52:58'),(9,36,'https://dropbox.com/vk/beauty and  beast.gif',7246,'{\'author\':\'Walt Disney\'}',1,'2020-06-30 17:13:26','2020-06-30 17:22:40'),(10,45,'https://dropbox.com/vk/picture1.avi',1255,'{\'author\':\'S.Dali\'}',2,'2020-06-30 17:13:26','2020-06-30 17:58:41'),(11,92,'https://dropbox.com/vk/picture2.mpeg',2766,'{\'author\':\'S.Dali\'}',2,'2020-06-30 17:13:26','2020-06-30 17:55:37'),(12,18,'https://dropbox.com/vk/picture3.jpeg',5404,'{\'author\':\'S.Dali\'}',1,'2020-06-30 17:13:26','2020-06-30 17:52:58'),(13,11,'https://dropbox.com/vk/picture4.jpeg',5657,'{\'author\':\'S.Dali\'}',1,'2020-06-30 17:13:26','2020-06-30 17:22:40'),(14,69,'https://dropbox.com/vk/picture5.mp3',4711,'{\'author\':\'S.Dali\'}',3,'2020-06-30 17:13:26','2020-06-30 17:57:46'),(15,91,'https://dropbox.com/vk/picture6.mp3',2182,'{\'author\':\'S.Dali\'}',3,'2020-06-30 17:13:26','2020-06-30 17:57:46'),(16,2,'https://dropbox.com/vk/superstition.mp3',5417,'{\'author\':\'Stevie Wonder\'}',3,'2020-06-30 17:13:26','2020-06-30 17:57:46'),(17,54,'https://dropbox.com/vk/Sir Duke.jpeg',2492,'{\'author\':\'Stevie Wonder\'}',1,'2020-06-30 17:13:26','2020-06-30 17:52:58'),(18,30,'https://dropbox.com/vk/Isn\'t she lovely.gif',1110,'{\'author\':\'Stevie Wonder\'}',1,'2020-06-30 17:13:26','2020-06-30 17:52:58'),(19,89,'https://dropbox.com/vk/breakwall.gif',9583,'{\'author\':\'Stevie Wonder\'}',1,'2020-06-30 17:13:26','2020-06-30 17:52:58'),(20,67,'https://dropbox.com/vk/fgyuiop.png',4716,'{\'author\':\'Stevie Wonder\'}',1,'2020-06-30 17:13:26','2020-06-30 17:52:58'),(21,24,'https://dropbox.com/vk/gfpouu.mpeg',6564,'{\'author\':\'rihanna\'}',2,'2020-06-30 17:13:26','2020-06-30 17:55:37');
/*!40000 ALTER TABLE `media` ENABLE KEYS */;
UNLOCK TABLES;

--
-- Table structure for table `media_types`
--

DROP TABLE IF EXISTS `media_types`;
/*!40101 SET @saved_cs_client     = @@character_set_client */;
 SET character_set_client = utf8mb4 ;
CREATE TABLE `media_types` (
  `id` int(10) unsigned NOT NULL AUTO_INCREMENT COMMENT '╨Ш╨┤╨╡╨╜╤В╨╕╤Д╨╕╨║╨░╤В╨╛╤А ╤Б╤В╤А╨╛╨║╨╕',
  `name` varchar(255) CHARACTER SET utf8 COLLATE utf8_unicode_ci NOT NULL COMMENT '╨Э╨░╨╖╨▓╨░╨╜╨╕╨╡ ╤В╨╕╨┐╨░',
  `created_at` datetime DEFAULT CURRENT_TIMESTAMP COMMENT '╨Т╤А╨╡╨╝╤П ╤Б╨╛╨╖╨┤╨░╨╜╨╕╤П ╤Б╤В╤А╨╛╨║╨╕',
  `updated_at` datetime DEFAULT CURRENT_TIMESTAMP ON UPDATE CURRENT_TIMESTAMP COMMENT '╨Т╤А╨╡╨╝╤П ╨╛╨▒╨╜╨╛╨▓╨╗╨╡╨╜╨╕╤П ╤Б╤В╤А╨╛╨║╨╕',
  PRIMARY KEY (`id`),
  UNIQUE KEY `name` (`name`)
) ENGINE=InnoDB AUTO_INCREMENT=4 DEFAULT CHARSET=utf8 COLLATE=utf8_unicode_ci COMMENT='╨в╨╕╨┐╤Л ╨╝╨╡╨┤╨╕╨░╤Д╨░╨╣╨╗╨╛╨▓';
/*!40101 SET character_set_client = @saved_cs_client */;

--
-- Dumping data for table `media_types`
--

LOCK TABLES `media_types` WRITE;
/*!40000 ALTER TABLE `media_types` DISABLE KEYS */;
INSERT INTO `media_types` VALUES (1,'picture','2020-06-30 17:46:04','2020-06-30 17:46:04'),(2,'video','2020-06-30 17:46:04','2020-06-30 17:46:04'),(3,'audio','2020-06-30 17:46:04','2020-06-30 17:46:04');
/*!40000 ALTER TABLE `media_types` ENABLE KEYS */;
UNLOCK TABLES;

--
-- Table structure for table `messages`
--

DROP TABLE IF EXISTS `messages`;
/*!40101 SET @saved_cs_client     = @@character_set_client */;
 SET character_set_client = utf8mb4 ;
CREATE TABLE `messages` (
  `id` int(10) unsigned NOT NULL AUTO_INCREMENT COMMENT '╨Ш╨┤╨╡╨╜╤В╨╕╤Д╨╕╨║╨░╤В╨╛╤А ╤Б╤В╤А╨╛╨║╨╕',
  `from_user_id` int(10) unsigned NOT NULL COMMENT '╨б╤Б╤Л╨╗╨║╨░ ╨╜╨░ ╨╛╤В╨┐╤А╨░╨▓╨╕╤В╨╡╨╗╤П ╤Б╨╛╨╛╨▒╤Й╨╡╨╜╨╕╤П',
  `to_user_id` int(10) unsigned NOT NULL COMMENT '╨б╤Б╤Л╨╗╨║╨░ ╨╜╨░ ╨┐╨╛╨╗╤Г╤З╨░╤В╨╡╨╗╤П ╤Б╨╛╨╛╨▒╤Й╨╡╨╜╨╕╤П',
  `body` text CHARACTER SET utf8 COLLATE utf8_unicode_ci NOT NULL COMMENT '╨в╨╡╨║╤Б╤В ╤Б╨╛╨╛╨▒╤Й╨╡╨╜╨╕╤П',
  `is_important` tinyint(1) DEFAULT NULL COMMENT '╨Я╤А╨╕╨╖╨╜╨░╨║ ╨▓╨░╨╢╨╜╨╛╤Б╤В╨╕',
  `is_delivered` tinyint(1) DEFAULT NULL COMMENT '╨Я╤А╨╕╨╖╨╜╨░╨║ ╨┤╨╛╤Б╤В╨░╨▓╨║╨╕',
  `created_at` datetime DEFAULT CURRENT_TIMESTAMP COMMENT '╨Т╤А╨╡╨╝╤П ╤Б╨╛╨╖╨┤╨░╨╜╨╕╤П ╤Б╤В╤А╨╛╨║╨╕',
  `updated_at` datetime DEFAULT CURRENT_TIMESTAMP ON UPDATE CURRENT_TIMESTAMP COMMENT '╨Т╤А╨╡╨╝╤П ╨╛╨▒╨╜╨╛╨▓╨╗╨╡╨╜╨╕╤П ╤Б╤В╤А╨╛╨║╨╕',
  PRIMARY KEY (`id`),
  KEY `messages_from_user_id_fk` (`from_user_id`),
  KEY `messages_to_user_id_fk` (`to_user_id`),
  CONSTRAINT `messages_from_user_id_fk` FOREIGN KEY (`from_user_id`) REFERENCES `users` (`id`),
  CONSTRAINT `messages_to_user_id_fk` FOREIGN KEY (`to_user_id`) REFERENCES `users` (`id`)
) ENGINE=InnoDB AUTO_INCREMENT=201 DEFAULT CHARSET=utf8 COLLATE=utf8_unicode_ci COMMENT='╨б╨╛╨╛╨▒╤Й╨╡╨╜╨╕╤П';
/*!40101 SET character_set_client = @saved_cs_client */;

--
-- Dumping data for table `messages`
--

LOCK TABLES `messages` WRITE;
/*!40000 ALTER TABLE `messages` DISABLE KEYS */;
INSERT INTO `messages` VALUES (1,102,11,'Sint consequatur officia ipsa dignissimos quasi. Molestias sunt molestiae eveniet in maxime. Molestiae natus doloremque et aut voluptatem. Pariatur molestiae impedit molestiae aut.',1,1,'2005-08-16 07:46:18','2020-06-30 15:47:30'),(2,46,100,'Ex voluptate ut voluptates quia doloremque est et eaque. Sit architecto occaecati enim. Quo aperiam enim qui quia. Consequatur ut omnis voluptatibus at doloribus esse ipsa. Consequuntur quisquam aliquam reiciendis facere quisquam.',0,1,'1981-04-19 18:41:25','2020-06-30 15:47:30'),(3,31,25,'Aliquam sapiente velit quae minus voluptatem. Molestiae deserunt et doloribus nisi consequatur.',0,0,'2001-04-10 06:31:53','2020-06-30 15:47:30'),(4,16,45,'Mollitia perferendis aut est incidunt modi cumque. Dolorum corrupti nihil rerum qui praesentium amet adipisci. In quidem qui ex dolorem id voluptatem iusto.',1,0,'2005-06-02 02:28:05','2020-06-30 15:47:30'),(5,99,40,'Voluptate quae vel assumenda laboriosam velit. Blanditiis sunt aut perspiciatis. Illo et aliquam amet ipsam excepturi magni. Reiciendis voluptates sapiente eos quos voluptatem repudiandae maiores.',1,0,'2004-04-24 02:40:17','2020-06-30 15:47:30'),(6,7,62,'Voluptatem molestias quidem voluptates alias. Illo odio delectus recusandae itaque aut. Et a saepe corporis sit omnis asperiores.',1,0,'1993-12-13 21:46:09','2020-06-30 15:47:30'),(7,68,82,'Suscipit et et qui voluptas. Reiciendis neque optio nemo consequatur deleniti in.',1,1,'1995-08-29 14:21:14','2020-06-30 15:47:30'),(8,96,1,'Asperiores vel voluptas corporis eos et mollitia. Et aperiam occaecati ut deleniti molestiae error. Quam et praesentium incidunt. Dicta cumque temporibus autem occaecati quo.',0,1,'1972-08-17 07:01:49','2020-06-30 15:47:30'),(9,58,91,'Repudiandae illo quibusdam numquam sint illo ut. Itaque voluptate voluptas aut autem est dignissimos. Excepturi fuga consequatur vel maiores quia sunt corporis. Ratione quia est qui nihil quis et eaque et.',0,0,'2004-07-28 03:41:55','2020-06-30 15:47:30'),(10,109,9,'Dolorem explicabo et exercitationem velit quia et et. Ea nostrum sint et minus reiciendis quo voluptas. Adipisci laborum molestiae nemo ex et voluptatibus suscipit et.',0,1,'1983-12-08 05:41:28','2020-06-30 15:47:30'),(11,42,102,'Consequatur sit veniam molestiae iure expedita autem sit. In sit omnis laborum perspiciatis dolorem necessitatibus corporis. Enim explicabo excepturi omnis adipisci. Voluptatem quia quas eveniet temporibus.',0,1,'2013-08-24 02:43:49','2020-06-30 15:47:30'),(12,101,42,'Et doloremque veniam et necessitatibus libero ipsum architecto. Et ut quia nobis sint quod voluptas excepturi iusto. Neque neque quos ut placeat et commodi. Et quidem sed nemo et. Minus a aperiam sint odio officiis.',0,0,'2018-01-22 12:13:26','2020-06-30 15:47:30'),(13,48,13,'Rerum voluptatem minima accusamus eos sit aliquid debitis necessitatibus. Doloribus facere voluptatem sed ea. Quas officia incidunt maxime aliquam.',1,1,'1983-08-20 23:36:30','2020-06-30 15:47:30'),(14,46,48,'Dolore sit voluptatem excepturi molestiae ratione distinctio voluptas. Amet suscipit illum et possimus possimus et qui. Distinctio ut sint magni mollitia voluptatem. Perferendis labore possimus placeat illum sint ipsa.',1,0,'1999-07-13 09:55:45','2020-06-30 15:47:30'),(15,88,91,'Est commodi id dolorum qui omnis pariatur. Similique non reprehenderit quia dolor laudantium dolor et. Eum sapiente aliquam temporibus quod illo. Saepe id et eaque asperiores.',0,1,'1985-10-19 09:17:57','2020-06-30 15:47:30'),(16,80,89,'Eum magnam dolor quo alias harum minus eaque. Aperiam incidunt qui veniam nobis occaecati ut. Alias illo qui dignissimos sit. Et fugit ipsum totam alias aut officiis.',0,1,'1976-08-17 13:24:47','2020-06-30 15:47:30'),(17,26,61,'Iure vel accusamus quisquam numquam quam soluta dolor consequatur. Vitae error labore enim vitae eligendi sit ex. Aut magnam tenetur laudantium quo omnis. Fuga eveniet corporis asperiores et adipisci sit quas eos. Aut quod qui sit veniam eveniet at.',1,1,'2007-08-29 20:56:31','2020-06-30 15:47:30'),(18,108,41,'Aut incidunt minima necessitatibus qui odit. Vel beatae nostrum autem sed similique et nobis. Saepe consequatur reiciendis aut omnis eos nostrum consequuntur.',0,0,'1999-01-29 19:27:50','2020-06-30 15:47:30'),(19,23,18,'Totam dolorum facere et maiores inventore. Voluptatem molestias ea esse tempora nihil quas qui blanditiis. Modi id quia tenetur aut.',1,1,'1992-07-16 07:38:40','2020-06-30 15:47:30'),(20,10,77,'Illo corporis error iste corrupti qui. Aut iure modi quia illo veniam rerum et quis. Cum nulla in praesentium ut quisquam modi et. Aspernatur aperiam aut possimus in.',0,0,'1980-10-13 20:37:47','2020-06-30 15:47:30'),(21,91,2,'Saepe voluptatem magnam aut optio. Expedita magnam possimus amet corrupti rem voluptatem. Ab voluptatem voluptas pariatur consequatur eaque. Qui omnis molestiae sint aut.',0,0,'1977-09-14 20:55:59','2020-06-30 15:47:30'),(22,95,109,'Sit similique qui debitis. Est delectus eum assumenda qui ex. Dolorum voluptate cumque repudiandae. Dicta veritatis tempore pariatur.',0,1,'2015-06-13 08:31:22','2020-06-30 15:47:30'),(23,91,98,'Recusandae enim eos iste molestiae consequatur consequatur. Perferendis animi quibusdam mollitia consequatur nobis. Quam eveniet a et rerum. Ut adipisci ut velit nulla quo.',1,0,'1972-05-28 20:10:02','2020-06-30 15:47:30'),(24,61,52,'Sed consequuntur doloribus dolorem dolorum sed. Fugiat optio minus autem in. Vero aliquam quia omnis sunt modi.',0,1,'2009-06-14 09:37:25','2020-06-30 15:47:30'),(25,32,76,'Ex voluptatem corrupti nihil. Sit delectus occaecati qui nobis debitis reiciendis quasi. Ratione et ut soluta. Qui vel natus qui eveniet quibusdam in.',0,1,'1995-07-22 19:28:18','2020-06-30 15:47:30'),(26,84,2,'Est tenetur maiores quam. Pariatur consectetur voluptatibus totam iure. Doloremque rerum ullam fugiat eum sint dicta incidunt inventore. Enim laboriosam aut sit minima eum.',0,0,'2006-07-30 01:23:34','2020-06-30 15:47:30'),(27,105,4,'Voluptatem tenetur fugit quos natus labore velit. Eveniet labore est illum laudantium vitae. Aspernatur labore voluptatem ad quia qui et sint.',0,0,'1971-06-14 20:59:12','2020-06-30 15:47:30'),(28,51,12,'Non odit voluptatibus aspernatur hic. Est corrupti dolorum qui rem hic. Asperiores itaque aperiam harum omnis qui et. Eaque perferendis quis aut vel quibusdam repellat. Consectetur libero aut quia consequatur iure corrupti facilis nihil.',1,1,'2017-12-31 17:35:12','2020-06-30 15:47:30'),(29,51,49,'Atque consequuntur praesentium et eum. Velit ut molestiae illo autem eius accusantium officia. Magnam eaque corporis repudiandae et aut. Et ut delectus quas et animi.',1,1,'2017-07-29 12:35:59','2020-06-30 15:47:30'),(30,102,96,'Ipsam praesentium quaerat et cumque est quisquam corporis non. Quo ut eos et ut voluptas et consectetur facilis. Atque blanditiis iusto quo non porro voluptatem. Necessitatibus enim fugiat enim.',1,0,'1984-10-07 15:10:58','2020-06-30 15:47:30'),(31,24,5,'Et voluptas qui doloribus. Aperiam ut sed et ea itaque aliquam adipisci. Et sit ut sunt repudiandae sint. Eius iste qui nisi dicta.',0,1,'2009-07-14 06:26:05','2020-06-30 15:47:30'),(32,34,67,'Excepturi dolores consequatur velit dignissimos ut non. Odio placeat hic et autem officia ipsam mollitia. Eum qui sed deserunt dicta velit ut alias. Et et repudiandae perferendis repellendus distinctio qui pariatur.',1,1,'2010-09-15 07:33:00','2020-06-30 15:47:30'),(33,100,98,'Non dolorem repudiandae et possimus. Quia iure sequi qui eum iste non distinctio. Est asperiores voluptas ducimus architecto explicabo qui nisi.',0,1,'1987-12-02 01:24:27','2020-06-30 15:47:30'),(34,66,67,'Ut quasi doloribus et nesciunt natus necessitatibus autem laborum. Dolorem exercitationem veritatis ut molestiae aliquid. Impedit vero et iusto quas ut. Molestias sapiente voluptate est.',0,0,'1982-08-04 19:08:46','2020-06-30 15:47:30'),(35,32,41,'Iure nesciunt in ut. Iusto reprehenderit aliquam ut qui et libero occaecati voluptas. Alias et eligendi soluta.',0,0,'2002-08-02 10:04:20','2020-06-30 15:47:30'),(36,68,2,'Qui qui incidunt possimus est qui beatae sint. Sed itaque et et et tempore perspiciatis labore. Magnam mollitia soluta quam est et ab voluptatem dolorem.',1,1,'1980-05-11 13:08:29','2020-06-30 15:47:30'),(37,26,108,'Illo atque quod architecto saepe neque quaerat corporis. Voluptatem et dignissimos aut maxime sit facilis repudiandae vel.',0,0,'1974-07-01 15:34:31','2020-06-30 15:47:30'),(38,35,93,'Ut voluptates ut et eos quaerat molestiae. Sit omnis minus sequi voluptatem voluptatem vitae quidem. Ea eligendi totam a possimus. Qui minima quidem qui nihil error inventore ad.',0,1,'1989-03-14 07:36:54','2020-06-30 15:47:30'),(39,98,30,'Velit corporis rerum eos explicabo sequi harum. Modi non tenetur ut et perspiciatis iusto cum amet. Exercitationem cum nesciunt nemo natus modi. Numquam voluptas autem consequatur soluta.',1,0,'2008-09-21 14:54:38','2020-06-30 15:47:30'),(40,52,90,'Nihil voluptas quo velit itaque incidunt illo. Ut molestias corrupti optio ullam animi officiis eaque. Enim ab ea unde et fugiat quod repellat sed. Repudiandae velit reiciendis et ipsum consequatur.',1,0,'1975-11-27 22:09:50','2020-06-30 15:47:30'),(41,75,32,'Quod possimus laudantium aliquam dolor corporis provident minima. Id dignissimos deleniti quos quia. Asperiores occaecati nostrum quia sit accusantium. Quo occaecati officia quae sequi. Cumque assumenda eos ut quisquam ea.',0,0,'2018-01-16 21:39:43','2020-06-30 15:47:30'),(42,109,109,'Maiores iure quaerat sint eum. Repellat iusto vero enim consequatur quaerat sunt. Sit veniam voluptatem quidem et nulla est qui. Nisi vel quidem unde aut perspiciatis excepturi autem.',1,0,'2004-01-04 19:46:12','2020-06-30 15:47:30'),(43,100,9,'Id laboriosam excepturi ex dolores voluptates cupiditate qui debitis. Tempore tenetur quidem nihil porro.',1,1,'1991-09-10 06:50:05','2020-06-30 15:47:30'),(44,64,45,'Ut voluptatem quia vel voluptatem cum suscipit corporis. Et nihil consequatur asperiores minus. Voluptas quia itaque quia mollitia molestiae odio sunt. Itaque enim culpa debitis aliquid non. Vitae doloremque molestiae optio aperiam.',1,1,'1987-05-15 10:29:31','2020-06-30 15:47:30'),(45,17,91,'Corporis sint est earum cupiditate sit magnam. Aliquid natus dolorem aliquid nemo magni. Accusamus voluptatibus autem fugiat magni libero vel necessitatibus dolore. Soluta aut eum voluptatibus earum.',1,0,'1997-03-03 21:21:08','2020-06-30 15:47:30'),(46,4,96,'Deleniti quidem odio nisi velit dolores et. In amet quis ut est. Et commodi aut aspernatur fugiat exercitationem distinctio incidunt. Veniam dolore modi ut ducimus ut debitis.',1,1,'1989-12-31 14:18:41','2020-06-30 15:47:30'),(47,78,98,'Necessitatibus vero consequatur eius et exercitationem accusantium commodi. Voluptatem nam aut officia sed et tempora.',1,0,'1996-03-20 02:39:55','2020-06-30 15:47:30'),(48,47,89,'Et quidem non dolorum eum quo dolor molestiae. Quaerat mollitia quo aliquam libero id adipisci.',1,0,'2005-05-20 06:08:39','2020-06-30 15:47:30'),(49,109,43,'Veritatis dolores dolor magnam distinctio suscipit deserunt blanditiis. Laborum vel sequi pariatur et aut soluta. Reprehenderit consequuntur vel et dolor nihil.',1,0,'1984-01-08 11:10:35','2020-06-30 15:47:30'),(50,77,58,'Dolor fuga explicabo optio consectetur quas ad dignissimos. Praesentium ratione est voluptas commodi.',0,1,'2009-03-26 02:50:35','2020-06-30 15:47:30'),(51,55,50,'Minima ut similique vel reiciendis nemo tenetur temporibus ratione. Fuga ipsa animi voluptates. Minima et esse reprehenderit asperiores.',1,1,'2002-08-20 05:29:29','2020-06-30 15:47:30'),(52,46,73,'Vero perspiciatis quibusdam non debitis. Voluptas aliquid tempora voluptate unde a ex eveniet asperiores. Autem ut et non sed dolor. Et rerum necessitatibus reprehenderit occaecati nostrum aut facilis aspernatur.',0,1,'1987-10-20 17:39:52','2020-06-30 15:47:30'),(53,63,108,'Nisi est atque et harum veritatis. Incidunt est enim ut necessitatibus. Maxime id quo accusamus non rerum aut.',1,1,'2002-08-09 09:39:54','2020-06-30 15:47:30'),(54,67,98,'Dolor ea impedit exercitationem vel. Quaerat iure sit autem. Qui consectetur et ipsam enim enim omnis. Dolorem eos voluptas rerum dolores voluptas rerum vitae.',1,1,'2017-04-19 23:37:48','2020-06-30 15:47:30'),(55,37,55,'Dolores expedita doloribus inventore quasi est aut eum consequuntur. Eum quia rem nobis dolore. Voluptas est commodi iusto dolor molestiae quia. Est eaque sint molestiae corporis ut et error esse.',0,1,'2015-10-27 19:00:49','2020-06-30 15:47:30'),(56,92,93,'Iure sequi in in quis quis non quas. Omnis veritatis non iste nihil quis perferendis hic. Sit odit laboriosam distinctio aut.',0,0,'2008-01-03 11:43:49','2020-06-30 15:47:30'),(57,20,77,'Rerum voluptatibus nam voluptatem quasi repellat repellat perferendis provident. Et velit et quaerat aperiam tempore velit. Dignissimos earum tempore repellendus.',0,0,'1976-10-13 05:16:18','2020-06-30 15:47:30'),(58,42,106,'Asperiores necessitatibus nulla nulla autem dolor ut dignissimos dolores. Inventore harum nam maxime itaque at. Enim dolore voluptatem nesciunt accusantium veritatis cum.',1,0,'1971-11-30 12:42:44','2020-06-30 15:47:30'),(59,40,78,'Porro voluptatem nemo doloribus incidunt. Vel consectetur et reiciendis fuga. Quia ut accusantium nihil.',0,1,'2015-02-01 21:38:21','2020-06-30 15:47:30'),(60,73,72,'Reiciendis temporibus qui possimus voluptatem quis quia. Qui ex nulla excepturi officia cupiditate inventore ullam. Dignissimos ea debitis quia ut beatae.',1,0,'1996-05-22 05:09:05','2020-06-30 15:47:30'),(61,27,15,'Saepe et magni repellendus. Harum dolorem dignissimos et voluptatem sint qui ad. Distinctio voluptas accusamus dolorum. Maiores voluptas est dignissimos. Qui non sit impedit optio vero.',0,0,'1970-05-23 14:47:55','2020-06-30 15:47:30'),(62,23,79,'Qui doloremque odit ipsam facere. Velit qui voluptates minus earum qui. Necessitatibus corrupti aspernatur nam officia. Quaerat delectus nihil molestiae consequuntur velit.',0,1,'2002-11-16 06:29:08','2020-06-30 15:47:30'),(63,36,20,'Perferendis velit voluptas aut sed aut. Beatae quasi quia dolorem eos odio rem qui eius. Quasi est odio optio molestiae.',0,0,'2006-12-08 23:56:24','2020-06-30 15:47:30'),(64,108,81,'In ipsa iste repudiandae culpa. Et sunt sint quaerat et et nihil sequi. Officiis mollitia consequatur quisquam quis sit quis aut.',0,0,'2017-12-02 07:11:53','2020-06-30 15:47:30'),(65,105,15,'Dignissimos qui et sed unde porro similique omnis voluptas. Quo aspernatur veritatis eaque autem architecto facere. Laudantium sit aliquam praesentium omnis adipisci. Odit illo quo illo officia fugiat ipsa ea sint.',1,1,'2014-10-19 13:08:30','2020-06-30 15:47:30'),(66,87,50,'Consequuntur debitis laudantium quis amet odit pariatur aspernatur iusto. Velit quo repudiandae dolor.',1,0,'2010-05-25 14:11:35','2020-06-30 15:47:30'),(67,9,96,'Consequatur quasi aut dolorem nulla totam nulla voluptatibus inventore. Ea architecto autem provident quis. Excepturi in ab corrupti consequuntur sint qui ipsum.',1,1,'1998-03-27 23:38:33','2020-06-30 15:47:30'),(68,3,110,'Enim occaecati nulla tenetur suscipit quasi a. Quas sed est accusamus autem. In delectus ut magnam eligendi porro nesciunt.',0,0,'2013-01-29 12:24:55','2020-06-30 15:47:30'),(69,98,41,'Architecto quia nisi omnis. Quasi sed ut nesciunt. Est aut dolor quis iure optio qui quas vel. Quasi optio est quis aut.',1,1,'2017-02-02 14:38:57','2020-06-30 15:47:30'),(70,40,93,'Esse soluta deleniti ut provident. Qui aut nihil laboriosam ut dolorum omnis ex. Excepturi iusto ut deserunt alias sint qui ipsa. Et et qui nisi est.',1,1,'1988-07-23 02:14:57','2020-06-30 15:47:30'),(71,17,14,'Et ut dignissimos rerum similique veritatis recusandae. Qui sit rerum id itaque ut sed sit. Ut ad rerum aut at et doloremque nobis. Rerum repudiandae blanditiis iste nesciunt.',0,1,'1972-04-12 09:38:23','2020-06-30 15:47:30'),(72,72,9,'Iusto perspiciatis et alias non dignissimos. Maiores dolore reprehenderit repudiandae itaque. Eaque exercitationem eum accusamus ipsa qui voluptatem. Occaecati quod molestiae rerum illum deleniti laboriosam ullam. Eos totam et quis qui qui dignissimos.',0,0,'2017-08-20 11:40:43','2020-06-30 15:47:00'),(73,91,1,'Ducimus consequatur dolores sit voluptas nobis. Et quas fuga sunt blanditiis. Doloremque animi dicta ipsam veritatis aperiam sapiente.',1,0,'1978-11-08 02:48:52','2020-06-30 15:47:30'),(74,18,90,'Ut perspiciatis aut minima ab. Aliquid ratione repellat error corrupti. Ut animi nesciunt architecto debitis.',0,0,'2006-02-18 10:47:06','2020-06-30 15:47:30'),(75,35,5,'Et molestiae iure sunt sint. Laborum laborum voluptas est suscipit voluptatem minus. Nemo saepe et autem ab.',0,0,'1996-07-13 15:47:02','2020-06-30 15:47:30'),(76,12,85,'Non dolorum sunt perspiciatis. Voluptate ab velit quidem aliquam. Qui alias consequatur expedita velit quia voluptas. Veniam et voluptatem est et quia.',0,0,'1981-08-28 15:03:33','2020-06-30 15:47:30'),(77,64,78,'Sint et iste et voluptate sequi aut dolorem occaecati. Architecto eveniet provident voluptas saepe officia non. Eum corporis dolor quibusdam vero dolor sint dolore.',0,0,'1992-01-02 21:36:39','2020-06-30 15:47:30'),(78,65,23,'Sint hic autem animi nostrum quasi. Mollitia voluptatibus enim recusandae repellendus quo. Ut hic mollitia inventore velit dolore qui quia.',0,1,'2007-01-05 13:06:49','2020-06-30 15:47:30'),(79,22,104,'Debitis mollitia sint aspernatur voluptate voluptatem quis fugit. Illo sunt placeat voluptatem provident. Rerum corporis ullam fugit. Sequi nam magni distinctio est est consequuntur quibusdam saepe.',0,1,'1982-05-06 06:35:15','2020-06-30 15:47:30'),(80,25,11,'Cumque repellendus tempora voluptas quia maxime. Deserunt dolor id quo veritatis. Officiis aliquam ea inventore occaecati.',0,1,'1991-04-21 17:22:09','2020-06-30 15:47:30'),(81,57,71,'Nihil earum sed aut velit qui voluptas sit. Fugit iste magnam dolorum.',0,0,'2014-02-03 22:15:47','2020-06-30 15:47:30'),(82,99,102,'Pariatur et rem eveniet quam quis ex possimus id. Maiores vel in perferendis magni.',1,0,'2001-02-17 10:12:05','2020-06-30 15:47:30'),(83,102,74,'Ut enim incidunt in architecto. Quasi impedit velit minus sed eaque porro reprehenderit velit. Nemo ipsam aliquid voluptate quam libero ut. Quaerat voluptate deleniti consequatur quo fugit et.',0,1,'2015-05-17 05:34:06','2020-06-30 15:47:30'),(84,105,66,'Deleniti earum voluptatum dolorum aspernatur laborum. At ut exercitationem maxime. Autem aspernatur nihil laborum minima velit sint. Deserunt repudiandae iure soluta molestias et voluptatem.',0,0,'1991-08-29 12:00:55','2020-06-30 15:47:30'),(85,109,108,'Soluta neque et optio dignissimos saepe. Cum aut ullam omnis ea quo in voluptatem et. Vel in porro vero velit aperiam ab.',1,0,'2005-05-11 06:10:23','2020-06-30 15:47:30'),(86,9,13,'Eligendi quia quo repellat libero consequatur molestiae dolorem. Rerum ea delectus minus beatae consequuntur accusamus et. Et maiores ab est sed perferendis. In enim voluptatibus ducimus ullam.',1,1,'1991-02-05 12:28:41','2020-06-30 15:47:30'),(87,48,67,'Eum nam odio suscipit rem autem iure. Harum ut at porro eius nam iste quasi voluptas. Voluptatibus in maiores adipisci aut voluptatem et dolorum sit. Necessitatibus distinctio repellat ipsa.',0,1,'2013-02-13 22:51:44','2020-06-30 15:47:30'),(88,103,77,'Autem consequuntur quibusdam saepe commodi eum veniam exercitationem id. Laboriosam ut laboriosam perferendis totam. Magnam eos at quasi necessitatibus aut.',1,0,'2006-06-24 15:06:59','2020-06-30 15:47:30'),(89,38,72,'Asperiores accusamus eaque nesciunt deleniti rem omnis esse. Molestias consequatur nobis qui odit nam. Excepturi neque vitae cupiditate quae voluptates est excepturi. Quam perspiciatis velit maiores facere debitis sint.',1,1,'1983-11-01 04:48:02','2020-06-30 15:47:30'),(90,102,18,'Fugit culpa molestiae et eligendi optio. Inventore reprehenderit est quas dolorum id. Maxime maxime delectus harum nihil neque odit ipsum debitis. Repudiandae molestias tempore et ab soluta. Saepe quia et rerum magni et in animi quidem.',1,1,'1973-12-24 17:11:19','2020-06-30 15:47:30'),(91,63,93,'Placeat rem ut est aliquid. Voluptate laudantium ullam occaecati doloremque quidem. Necessitatibus rerum et mollitia. Alias voluptate velit aut hic consequatur ut blanditiis.',1,1,'2001-08-09 17:32:30','2020-06-30 15:47:30'),(92,11,82,'Eum facere iure itaque praesentium non aut officia. Quod consequatur asperiores est dolor aut consequatur necessitatibus asperiores. Mollitia rerum aut sunt voluptatum ipsam voluptas.',0,1,'2000-02-22 11:43:09','2020-06-30 15:47:30'),(93,86,22,'Deleniti occaecati iusto ratione voluptas. Voluptate sed dicta totam et magni ut. Quia enim sint omnis nihil. Libero odit quaerat in quia aut provident error.',0,0,'1974-04-10 21:15:51','2020-06-30 15:47:30'),(94,66,80,'Ducimus consequatur explicabo ut tempora unde illo. Tempore ullam repellendus temporibus similique non accusantium. Dicta alias molestias incidunt eveniet perferendis iure. Perspiciatis dolore sit et molestias qui dolor molestias.',1,0,'1982-07-22 00:28:29','2020-06-30 15:47:30'),(95,71,7,'Quisquam molestiae dolores ipsum. Sit expedita corrupti non vero. Beatae placeat debitis aut necessitatibus.',1,0,'1974-04-02 14:55:34','2020-06-30 15:47:30'),(96,47,13,'Est aut sed similique quidem consequatur delectus impedit. Qui in ea fugit quasi qui. Est suscipit rem perferendis optio laborum.',1,0,'1979-01-01 03:19:18','2020-06-30 15:47:30'),(97,21,44,'Tempora laborum porro necessitatibus dolorum occaecati possimus beatae. Qui impedit facere rerum.',1,1,'1982-02-04 07:36:28','2020-06-30 15:47:30'),(98,75,72,'Quos rem cumque dolores delectus officia odio autem. Quam unde dolor quis sint. Enim et rerum mollitia tempore et. Porro nostrum quis et commodi voluptas adipisci.',0,1,'1980-02-11 21:56:46','2020-06-30 15:47:30'),(99,90,4,'Aut perferendis esse voluptatem. Maxime occaecati enim voluptatem minima quo ut deserunt. Nihil consequuntur qui et vero blanditiis.',1,0,'1970-04-23 23:21:00','2020-06-30 15:47:30'),(100,5,27,'Deserunt reiciendis velit voluptatem in voluptas voluptatem assumenda eius. Dolorum illo deserunt temporibus perferendis quasi sint dolorem. Deserunt est consequuntur asperiores debitis cum deserunt nam.',0,0,'1986-07-24 11:48:39','2020-06-30 15:47:30'),(101,84,11,'Culpa consequatur magnam aut earum fugit maiores corporis. Eveniet vitae nihil minus quisquam voluptatibus quia est. Quam nulla rem rerum enim iusto quisquam.',0,1,'1975-08-25 17:56:49','2020-06-30 15:47:30'),(102,76,84,'Aut odit voluptate consequatur consequuntur et voluptatem repellat. Dicta eum culpa illo consectetur voluptate enim. Nam quas aut nobis ad tempora aliquam voluptates.',0,0,'1975-06-06 09:56:51','2020-06-30 15:47:30'),(103,18,54,'Ex veniam eum ea voluptate. Laboriosam repudiandae ut ut sapiente expedita maiores. Omnis molestiae rem aut sapiente veniam sed. Repellat praesentium sed et autem sed et et.',0,1,'1977-06-21 17:31:59','2020-06-30 15:47:30'),(104,81,20,'Ipsa ratione nulla et incidunt quia ullam est. Et eaque dolorum eum ducimus officiis qui. Ut est quasi dolorem dolorem dicta sint dolores. Esse iusto et labore porro voluptatibus enim nostrum in.',0,1,'2019-08-04 10:43:53','2020-06-30 15:47:30'),(105,21,45,'Soluta exercitationem perferendis qui quo dolorum. Est assumenda voluptatem dolorem ut. Blanditiis suscipit nisi unde error assumenda totam et.',1,0,'1982-10-25 16:51:43','2020-06-30 15:47:30'),(106,81,56,'Et tempore sed deserunt sit quia voluptas. Error qui reiciendis quae ducimus. Odit magnam repellat blanditiis tempora possimus nulla quo.',1,0,'1988-01-23 16:51:42','2020-06-30 15:47:30'),(107,13,33,'Voluptatibus dignissimos mollitia dolores fugit. Aut provident debitis maiores alias quo quo. Ea velit quia iusto et alias quae. Sed ratione minima dignissimos eos autem similique.',0,0,'1996-10-24 22:51:44','2020-06-30 15:47:30'),(108,42,106,'Dignissimos consequatur provident harum alias aut. Enim ea minus iure pariatur est. In deleniti ratione id id fugit ut aliquam molestias.',1,0,'1987-08-13 09:00:55','2020-06-30 15:47:30'),(109,58,102,'Vitae et aut sint minima. Laudantium corrupti similique itaque quisquam facilis placeat quasi. Sunt laborum officia ut sapiente. Quisquam sed nisi dignissimos atque pariatur vel unde.',0,1,'2016-10-12 16:30:00','2020-06-30 15:47:30'),(110,56,81,'Deleniti est vitae eligendi excepturi. Magnam amet molestiae ratione qui. Amet corporis perspiciatis voluptatem delectus ratione quaerat. Nam id commodi architecto quo asperiores distinctio voluptas.',1,1,'1998-10-04 05:05:18','2020-06-30 15:47:30'),(111,104,97,'Est officia sed voluptatem molestias aut. Non dolorem non aperiam ab odit illo tempora. Tenetur dolores suscipit culpa possimus voluptatum dolores. Alias beatae a et distinctio.',0,0,'1990-10-24 22:37:04','2020-06-30 15:47:30'),(112,23,21,'Nulla sint fuga omnis ex. Porro ducimus sed iusto tempora dolor velit in ipsum. Veniam nulla accusamus optio aut id ipsum.',1,1,'1975-07-09 04:49:48','2020-06-30 15:47:30'),(113,23,34,'Dolor hic inventore blanditiis animi illo reiciendis. Et neque qui temporibus magnam dolorum. Beatae accusantium voluptas tempore sunt eos.',0,0,'2015-03-10 14:17:35','2020-06-30 15:47:30'),(114,46,105,'Ut provident possimus repellat pariatur eum debitis sint. Et tenetur pariatur ipsam perferendis earum in earum qui. Quis ut consectetur itaque quis excepturi ab id. Non aperiam iste officiis illo dolor sit aut.',0,0,'1989-03-13 18:13:46','2020-06-30 15:47:30'),(115,52,96,'Repudiandae nisi libero quo incidunt non quis. Eos qui ex ratione et consectetur et consequatur. Aut temporibus sed eos quia et quisquam perferendis error. Adipisci dolorem est qui nulla laborum sequi et.',0,0,'1987-06-27 15:07:02','2020-06-30 15:47:30'),(116,8,52,'Officia sequi aut soluta. Sit itaque eum culpa accusamus id magnam. Similique aut quas similique laboriosam. Rerum est quae tempore sed.',0,1,'1973-02-09 03:51:46','2020-06-30 15:47:30'),(117,103,83,'Cumque consequuntur quo alias qui accusamus et unde. Enim exercitationem ex alias. Et quis provident labore. Consequuntur eligendi in tempora beatae accusantium libero ducimus occaecati. Incidunt nihil repellendus voluptatum at mollitia.',1,0,'1986-06-07 15:37:45','2020-06-30 15:47:30'),(118,53,36,'Iste et sed quod quia facere. Voluptates consequatur sit nostrum delectus. Repellat perspiciatis vero totam.',1,1,'1988-12-21 18:34:25','2020-06-30 15:47:30'),(119,64,42,'Odit pariatur animi ad aut nulla ratione neque. Expedita nihil qui distinctio. Consectetur nostrum velit porro officiis ut facere. Aut et voluptates quod sunt labore quibusdam.',0,1,'1997-02-05 22:00:20','2020-06-30 15:47:30'),(120,53,102,'Facilis maxime soluta debitis quisquam omnis culpa eum. Dolorem et quasi consequuntur eveniet corrupti earum qui.',0,0,'1987-04-07 04:09:30','2020-06-30 15:47:30'),(121,70,54,'Sed repudiandae reprehenderit asperiores. Quod autem nihil accusamus et harum. Aut non qui eos cum. Dolor odit totam a modi quos.',1,1,'2008-06-05 12:53:00','2020-06-30 15:47:30'),(122,83,75,'Quod rerum illo earum ducimus. Officia omnis sunt enim molestiae omnis. Qui perspiciatis laudantium molestiae rem rerum et.',1,0,'1985-11-11 13:33:53','2020-06-30 15:47:30'),(123,93,100,'Id ut fugiat explicabo nihil necessitatibus. Sit velit quis delectus nostrum odio suscipit. Maxime quia similique voluptatem autem.',1,1,'2008-04-03 17:22:30','2020-06-30 15:47:30'),(124,105,55,'Dolore ea et sunt ipsam exercitationem quia voluptatem. Consequatur nemo saepe dolore cum rem qui dolores. Molestiae dolorem ipsum et.',0,1,'2004-05-12 18:47:23','2020-06-30 15:47:30'),(125,27,83,'Et doloribus incidunt sunt consequatur velit. Dicta est dignissimos odit doloribus. Eveniet repudiandae et non rerum. Assumenda nobis culpa id non aspernatur.',1,0,'1983-07-26 07:56:42','2020-06-30 15:47:30'),(126,39,33,'Provident vel est maxime nobis sunt enim sit. Iure cupiditate dicta ea ut delectus aut. Sequi voluptatum aperiam quis dolor. Consequatur non voluptas cumque voluptatum iste ratione ut numquam. Nulla aut facilis eos pariatur.',1,1,'2010-08-13 04:51:48','2020-06-30 15:47:30'),(127,4,23,'Natus corporis ipsam quia id. Repudiandae ratione eveniet voluptatum tempora unde rerum. Laudantium ut dolor harum aspernatur est sit.',0,1,'1997-08-16 04:11:11','2020-06-30 15:47:30'),(128,14,14,'Et ipsa voluptatum inventore qui ut. Animi sed sint animi temporibus dolor qui modi dolor. Fugiat dolor adipisci aliquam tempore quos. Ut commodi provident et voluptas.',0,0,'2000-01-01 22:59:19','2020-06-30 15:47:30'),(129,54,2,'Ad vel deleniti sint facere. Est enim et est tempora. Nemo dolor aut aspernatur.',1,0,'1996-06-04 21:41:24','2020-06-30 15:47:30'),(130,10,79,'Modi quia dolores alias vitae voluptatem. Corporis atque adipisci vel incidunt eum error. Facilis et assumenda et molestiae est dolor iste.',1,1,'2004-03-20 01:01:38','2020-06-30 15:47:30'),(131,106,59,'Nobis aut repellendus consequuntur suscipit. Non voluptate possimus vero rerum. Ea veritatis sed est. Laudantium ratione velit ut.',1,0,'1980-10-19 16:57:04','2020-06-30 15:47:30'),(132,60,58,'Quae delectus hic consequatur. Quam quia in accusantium velit modi dolore sint. In alias asperiores vel et ab. Dolores veniam iure officia labore amet.',1,0,'1971-05-21 23:06:53','2020-06-30 15:47:30'),(133,93,2,'Et officia cumque id praesentium voluptatem. Nobis et sunt et ipsam. Animi assumenda et nihil vitae explicabo et temporibus. Sit est incidunt veritatis.',0,0,'1981-02-02 06:39:18','2020-06-30 15:47:30'),(134,62,55,'Fuga sed a tempora neque voluptatem. Asperiores similique sed eius necessitatibus. Iure temporibus quas molestiae quae.',0,0,'1996-10-14 18:56:05','2020-06-30 15:47:30'),(135,33,49,'Ipsa dolores quisquam totam sint voluptas et. Cumque sint velit eum quia et. Voluptas aliquid sint voluptate eum.',1,0,'1991-07-15 15:48:19','2020-06-30 15:47:30'),(136,89,79,'Et velit non et aliquam blanditiis vero. Saepe unde quam nihil omnis dolorem. Voluptas tempora rerum sapiente veritatis laboriosam voluptas ipsa.',0,1,'1995-04-14 15:23:02','2020-06-30 15:47:30'),(137,16,28,'Molestias quisquam nesciunt velit dolor qui quas qui. Est qui temporibus corporis doloremque ut. Pariatur a quam aut quaerat non mollitia facilis. Ex ut libero quidem deserunt omnis sapiente.',0,0,'1975-03-26 12:02:37','2020-06-30 15:47:30'),(138,31,11,'Quae qui explicabo eos voluptas reiciendis. Voluptatem modi esse consequatur labore soluta. Accusamus tempora et voluptatem deleniti sed impedit. Non numquam accusamus sapiente qui.',1,0,'1994-11-12 18:57:31','2020-06-30 15:47:30'),(139,106,81,'Qui quasi odit repudiandae praesentium nostrum et eveniet. Eveniet accusantium et nulla quia. Adipisci dolore quo amet natus.',1,0,'2000-12-29 02:58:48','2020-06-30 15:47:30'),(140,105,43,'Fuga esse ut porro. Explicabo temporibus quos quos. Sint pariatur sunt officiis enim itaque. Et id dolorem possimus aut tenetur.',0,0,'1974-08-25 08:47:10','2020-06-30 15:47:30'),(141,99,81,'Eligendi earum cumque voluptatem excepturi. Ut non alias esse alias iste nihil eius et. Voluptas temporibus doloribus debitis esse omnis aliquid porro.',0,1,'2011-05-21 15:34:07','2020-06-30 15:47:30'),(142,70,55,'Unde id aut nobis ullam. Nesciunt sit qui et nihil numquam omnis et error. Reiciendis est quos cumque fuga magni veritatis voluptas. Omnis neque earum in eum alias fuga.',0,1,'1986-07-28 17:35:11','2020-06-30 15:47:30'),(143,50,30,'Dolores et sunt at quod aut maiores. Qui quas commodi libero maiores sed. Libero sed rerum ut quia in. Aperiam quisquam ullam vel quia.',1,1,'1986-09-17 10:08:01','2020-06-30 15:47:30'),(144,39,97,'Maxime dolor est sit quisquam sint odio consequatur. Commodi qui quia vel in. Reiciendis dolorem quo non nihil qui. Officia mollitia velit non ad in ex.',1,0,'1980-06-13 06:08:47','2020-06-30 15:47:30'),(145,46,64,'Dolor vel sint assumenda temporibus. Minus distinctio cupiditate repellendus. Totam autem molestiae quo ea omnis eum accusamus. Recusandae ut velit ducimus veritatis vel saepe quia.',1,1,'1981-11-24 12:47:54','2020-06-30 15:47:30'),(146,2,28,'Nobis voluptatem nobis consequatur non. Quia doloremque consectetur amet tempore.',1,1,'1997-06-04 08:05:27','2020-06-30 15:47:30'),(147,92,58,'Quidem expedita error aut enim ipsam adipisci debitis. Quam aut odio delectus debitis. Facere et perspiciatis aut distinctio at itaque omnis reprehenderit.',0,0,'1993-09-01 09:08:56','2020-06-30 15:47:30'),(148,11,97,'Hic aut tempora illum adipisci sed. Beatae cum est modi dolorum ut corporis. Sint quo qui odit qui beatae a. Totam ut provident soluta aut non mollitia eos.',1,0,'1975-09-05 21:51:19','2020-06-30 15:47:30'),(149,1,90,'Quos adipisci illo rem deserunt. Iusto qui temporibus sed modi blanditiis quia ratione doloremque. Harum et quaerat nulla. Saepe pariatur laborum illum inventore voluptatem quia ut qui.',0,1,'2012-11-28 10:26:02','2020-06-30 15:47:30'),(150,80,47,'Omnis cupiditate mollitia dignissimos sed reiciendis id dolorem. Voluptate praesentium quam doloremque harum ab laudantium.',1,0,'2011-06-18 06:43:14','2020-06-30 15:47:30'),(151,67,73,'Deleniti est nisi amet totam. Tempore quam ratione quaerat odit voluptatem voluptas et. Molestiae quasi ut soluta rerum ducimus.',1,0,'1991-12-26 13:42:09','2020-06-30 15:47:30'),(152,93,6,'Culpa labore molestias nulla. Qui omnis modi rerum vitae consequatur id sed ut. Inventore et aut et nulla pariatur maxime aut in. Consequuntur corporis numquam aut quidem nulla repellendus error et.',0,1,'2004-08-17 14:32:47','2020-06-30 15:47:30'),(153,47,32,'Aut et possimus soluta temporibus aperiam ut sit. Possimus omnis quaerat natus sit odit non. Quis et omnis quo illum id. Voluptas a ad saepe dolorem.',0,0,'2000-09-16 18:48:15','2020-06-30 15:47:30'),(154,62,29,'Officia voluptatem sit dolorem. Modi enim recusandae ea ipsam distinctio. Commodi debitis ad fuga.',1,1,'1972-05-12 17:55:02','2020-06-30 15:47:30'),(155,61,48,'Excepturi doloribus recusandae saepe praesentium aut aspernatur qui. Sed repudiandae provident et cumque error ipsa. Dolor explicabo ipsam qui.',0,0,'1993-10-09 18:58:04','2020-06-30 15:47:30'),(156,6,43,'Odit quidem dignissimos voluptatem non quo. Aut iusto dolor vitae eum minima. Nostrum ipsum sit nulla quasi. Fuga accusamus id architecto eligendi.',1,1,'2017-10-28 07:54:46','2020-06-30 15:47:30'),(157,69,73,'Accusamus labore voluptatem distinctio nulla perferendis officia aspernatur. A commodi sit itaque dignissimos et ea dolor.',0,0,'1983-12-26 21:53:37','2020-06-30 15:47:30'),(158,104,13,'In quaerat quod aut pariatur. Qui voluptas soluta repellendus laborum quisquam. Et et repellat in. Harum aut nobis eaque facere incidunt explicabo fugit. Impedit hic distinctio voluptate alias eum nulla sunt.',1,0,'2001-07-21 11:42:11','2020-06-30 15:47:30'),(159,92,67,'Quis et et nam eaque. Debitis illo consequuntur dolorem vitae. Illum hic ea consequatur consequatur ducimus accusantium. Dolores aut corrupti dolor corrupti autem doloremque laudantium.',1,0,'1971-04-17 12:02:21','2020-06-30 15:47:30'),(160,40,76,'Quidem natus sit et pariatur. Et ipsa ad repudiandae dignissimos ut dolorum. Temporibus deleniti excepturi velit vitae totam et commodi similique. Sunt enim et dolor qui.',0,0,'2009-04-24 00:41:18','2020-06-30 15:47:30'),(161,31,67,'Quaerat dignissimos temporibus quasi vero minus hic. Quaerat omnis laudantium qui quibusdam dignissimos corrupti. Aut fugiat esse at eum. Quia ipsam voluptatum sit omnis dolorem quia.',1,1,'1988-09-20 21:05:51','2020-06-30 15:47:30'),(162,37,106,'Sunt qui sunt eos voluptas molestiae incidunt et. Facilis officia ea est eligendi. Repellendus et consequatur quas ea aut debitis. Aut aperiam at officiis distinctio natus laboriosam.',1,0,'1981-11-30 18:12:31','2020-06-30 15:47:30'),(163,90,109,'Dolorem voluptatibus animi et praesentium voluptates veniam. Modi error fugiat et quis rem. Temporibus qui molestias et a aut.',0,1,'2011-09-22 11:29:49','2020-06-30 15:47:30'),(164,8,6,'Voluptatem fugit expedita similique eum ipsam quia. Et a dignissimos ea. Dolor id itaque quia illo illo nam.',0,0,'1995-09-04 13:57:22','2020-06-30 15:47:30'),(165,101,34,'Nostrum nemo molestias et aut fuga rerum. Repudiandae sunt et veritatis aut ducimus et. Aliquam rerum reiciendis accusantium. Eos veritatis ut soluta dolor ipsa.',1,1,'2003-05-20 09:18:09','2020-06-30 15:47:30'),(166,39,42,'Et eum aut id dolores. Et in unde modi quo delectus ad omnis magni.',1,1,'1979-05-02 15:51:27','2020-06-30 15:47:30'),(167,1,105,'Necessitatibus quas velit vel sit et voluptatem quo soluta. Ut nihil aut quia quas. Odio asperiores saepe maxime qui dolores.',1,0,'2010-01-28 09:15:54','2020-06-30 15:47:30'),(168,106,69,'Et expedita qui alias doloremque. Atque velit est fugit voluptatem et eaque quia placeat. Veritatis culpa incidunt numquam. Unde aspernatur sapiente in officiis mollitia natus.',1,1,'2014-04-13 20:56:20','2020-06-30 15:47:30'),(169,89,29,'Amet libero repudiandae placeat sint repudiandae aut voluptatem id. Voluptas sequi eaque voluptates dolor sit id. Occaecati voluptatem eum nostrum quisquam ea.',0,0,'2020-01-18 13:54:42','2020-06-30 15:47:30'),(170,15,48,'Neque labore ut est. Dolorum porro sed excepturi sunt repudiandae minus architecto aut.',1,0,'1972-08-03 20:42:10','2020-06-30 15:47:30'),(171,26,44,'Nisi perspiciatis explicabo iure temporibus consequatur et odio. Sed vitae architecto maxime.',1,1,'1995-12-01 06:11:13','2020-06-30 15:47:30'),(172,87,76,'Qui mollitia aut autem earum doloribus non sed provident. Non voluptas praesentium voluptates voluptas. Enim consequatur quod itaque illo voluptas.',1,0,'1971-08-16 20:42:38','2020-06-30 15:47:30'),(173,26,25,'Mollitia consequatur et quam aut laboriosam qui. Veritatis molestias aperiam dolores ut animi earum. Enim molestias aspernatur dolore et quo libero.',0,1,'2005-03-31 22:39:06','2020-06-30 15:47:30'),(174,89,7,'Repellat ratione sunt accusantium in nesciunt et repellendus. Nulla impedit tempore eaque quasi ipsam ab. Quis ducimus ab et quisquam recusandae. Debitis iure molestiae doloribus dolorum distinctio necessitatibus.',1,1,'2016-04-25 01:12:54','2020-06-30 15:47:30'),(175,37,69,'Sunt fugit libero quo atque et non molestias. Odio ea harum hic odit qui distinctio eligendi totam. Quis ut provident ducimus maiores aut est. Ratione rerum temporibus magnam eum impedit nihil voluptatum.',0,0,'1994-08-23 02:06:09','2020-06-30 15:47:30'),(176,27,103,'Ut cum quam quos eum. Autem facere qui qui consectetur est ducimus pariatur. Maiores ea illo expedita velit consequatur. Nulla facilis tenetur fugit error pariatur exercitationem incidunt. Voluptatem aut in eaque distinctio optio aspernatur ut.',0,0,'1989-11-04 21:18:44','2020-06-30 15:47:30'),(177,24,89,'Quod qui dolor modi qui et incidunt animi sit. Nostrum id praesentium iure similique debitis. Omnis similique sit quis qui. Suscipit ut iure debitis voluptates.',1,0,'1979-09-04 12:55:12','2020-06-30 15:47:30'),(178,36,23,'Enim iure explicabo vero fugiat nisi laboriosam. Quae debitis placeat velit. Aperiam provident accusantium debitis illo consequuntur. Quos dolores sint rem aut rem distinctio maxime.',0,1,'2018-01-02 11:49:49','2020-06-30 15:47:30'),(179,110,71,'Aut et hic commodi est tempore mollitia qui. Minus et neque libero autem sunt sit. Placeat repudiandae natus laborum. Maiores id cupiditate vitae illum.',0,1,'1986-03-04 01:46:44','2020-06-30 15:47:30'),(180,2,62,'Ipsum et quia id. Quo fuga non illum voluptate quasi cumque error. Quidem numquam possimus vero. Temporibus maxime enim a vitae et sint.',1,0,'1971-01-08 19:26:33','2020-06-30 15:47:30'),(181,8,99,'Aut vero voluptas quia porro quibusdam et. Enim deleniti autem explicabo id cupiditate aut. Et ad non inventore.',1,0,'2017-03-21 02:22:14','2020-06-30 15:47:30'),(182,33,88,'Natus nisi deleniti magni saepe. Iste magni aut omnis error et. Ipsa earum maxime temporibus eius dolores nam. Incidunt consequatur possimus et occaecati sit quo aut deleniti.',0,0,'1989-01-23 19:22:35','2020-06-30 15:47:30'),(183,33,34,'Libero voluptatem consequatur fugiat quis consectetur qui vel aut. Quam sit officiis at dolores cumque. Earum harum ipsa minus esse eum et. Omnis aspernatur occaecati facilis.',1,0,'2018-02-24 04:15:41','2020-06-30 15:47:30'),(184,65,15,'Culpa quasi esse et repellendus. Deleniti autem soluta officiis nisi consectetur est itaque adipisci. Omnis explicabo velit provident. Nam officia dolorum voluptatem quos expedita ut.',0,0,'2005-04-13 00:39:40','2020-06-30 15:47:30'),(185,5,81,'Est tenetur provident id exercitationem et eligendi. Libero accusantium qui qui culpa mollitia sit aut. Molestiae id quasi ut labore.',0,1,'1998-01-21 10:20:51','2020-06-30 15:47:30'),(186,48,28,'Aliquid velit nihil et repellendus. Maiores sed dolorem quis fuga rerum praesentium et. Dolores ab nam dolorem perferendis nostrum sit commodi. Iusto commodi nulla commodi soluta facere veritatis et. Facere aspernatur reiciendis ab molestiae cum.',0,0,'2018-02-04 04:07:40','2020-06-30 15:47:30'),(187,4,10,'Repudiandae odit corrupti vitae ipsa. Cumque officia similique ex voluptatibus iusto reprehenderit. Non quod adipisci sed aliquam ut dignissimos perferendis. Sequi unde quo sunt nostrum deserunt corporis.',0,1,'2013-03-24 23:58:23','2020-06-30 15:47:30'),(188,96,75,'Quia impedit praesentium voluptas quo suscipit est. Dolorem quia reprehenderit perspiciatis maxime. Ratione eum soluta optio molestiae tenetur.',1,1,'1983-10-09 02:15:47','2020-06-30 15:47:30'),(189,26,14,'Blanditiis maiores a est accusantium id ut consequuntur. Nostrum aspernatur voluptatibus autem labore veniam suscipit. Ad eos aliquam dolore itaque qui.',0,0,'1999-07-28 02:05:52','2020-06-30 15:47:30'),(190,64,63,'Sapiente nobis deserunt repellendus. Veritatis voluptatem ut cumque excepturi autem. Numquam voluptatem molestias quod ab aperiam eum. Labore sequi iure dolore adipisci suscipit suscipit voluptatibus.',0,0,'1982-02-13 09:42:13','2020-06-30 15:47:30'),(191,20,54,'Modi eius est atque sequi. Iure iusto est nihil exercitationem deleniti. Molestias sit quia enim rerum. Harum ut id non voluptatem voluptas ipsam nemo quas.',0,0,'2007-01-13 13:53:22','2020-06-30 15:47:30'),(192,18,78,'Velit alias quaerat quis tempora natus consectetur tenetur provident. Animi dolores voluptatum provident et.',0,1,'1987-09-18 01:29:53','2020-06-30 15:47:30'),(193,31,11,'Alias est et nihil et facere temporibus. Veniam ut numquam et nihil nesciunt error. Id aliquid veritatis quam eum.',0,0,'1993-07-08 15:25:32','2020-06-30 15:47:30'),(194,99,37,'Quia enim voluptate itaque totam. Consequatur enim eum nisi. Et molestiae in excepturi sed sit placeat ex.',1,1,'1970-04-08 21:29:42','2020-06-30 15:47:30'),(195,71,43,'Consequuntur aut excepturi quia omnis quaerat exercitationem ut. Ipsum officia corrupti labore autem ipsam. Non officia corrupti mollitia sed blanditiis et.',1,0,'2000-05-30 01:16:00','2020-06-30 15:47:30'),(196,59,105,'Non recusandae sunt quam quos. Molestiae numquam sed consequuntur. Repudiandae nihil et nobis impedit recusandae sed expedita. Ducimus harum ut est voluptas dolores.',1,1,'1976-09-14 14:33:20','2020-06-30 15:47:30'),(197,83,65,'Qui expedita laboriosam aut quas architecto aspernatur a. Quod consequatur eos ut ut. Iure assumenda eos aut possimus quia nemo. Neque sint et eveniet dolor. In harum et reprehenderit.',1,0,'2018-10-16 06:30:14','2020-06-30 15:47:30'),(198,15,8,'Fugit odit ab nostrum consectetur fugit illo. Architecto deleniti maiores vel nisi necessitatibus distinctio non. Illo eius eos quam molestias dolor. Quos nam quis rem consequuntur.',1,0,'1978-06-18 13:56:04','2020-06-30 15:47:30'),(199,44,65,'Explicabo enim at sapiente exercitationem et deserunt. Vero possimus qui qui. Impedit eveniet consectetur dolores a est iusto omnis. Neque quibusdam consequatur mollitia necessitatibus.',0,0,'2019-10-11 04:32:26','2020-06-30 15:47:30'),(200,67,82,'Repudiandae optio voluptatem iusto iusto. Ex quibusdam accusantium non cupiditate. Similique nobis est facilis.',0,0,'2013-12-22 10:38:52','2020-06-30 15:47:30');
/*!40000 ALTER TABLE `messages` ENABLE KEYS */;
UNLOCK TABLES;

--
-- Table structure for table `posts`
--

DROP TABLE IF EXISTS `posts`;
/*!40101 SET @saved_cs_client     = @@character_set_client */;
 SET character_set_client = utf8mb4 ;
CREATE TABLE `posts` (
  `id` int(10) unsigned NOT NULL AUTO_INCREMENT,
  `user_id` int(10) unsigned NOT NULL,
  `community_id` int(10) unsigned DEFAULT NULL,
  `head` varchar(255) DEFAULT NULL,
  `body` text NOT NULL,
  `media_id` int(10) unsigned DEFAULT NULL,
  `is_public` tinyint(1) DEFAULT '1',
  `is_archieved` tinyint(1) DEFAULT '0',
  `views_counter` int(10) unsigned DEFAULT '0',
  `created_at` datetime DEFAULT CURRENT_TIMESTAMP,
  `updated_at` datetime DEFAULT CURRENT_TIMESTAMP ON UPDATE CURRENT_TIMESTAMP,
  PRIMARY KEY (`id`),
  KEY `posts_user_id_fk` (`user_id`),
  KEY `posts_community_id_fk` (`community_id`),
  KEY `posts_media_id_fk` (`media_id`),
  CONSTRAINT `posts_community_id_fk` FOREIGN KEY (`community_id`) REFERENCES `communities` (`id`),
  CONSTRAINT `posts_media_id_fk` FOREIGN KEY (`media_id`) REFERENCES `media` (`id`),
  CONSTRAINT `posts_user_id_fk` FOREIGN KEY (`user_id`) REFERENCES `users` (`id`)
) ENGINE=InnoDB AUTO_INCREMENT=16 DEFAULT CHARSET=utf8mb4 COLLATE=utf8mb4_0900_ai_ci;
/*!40101 SET character_set_client = @saved_cs_client */;

--
-- Dumping data for table `posts`
--

LOCK TABLES `posts` WRITE;
/*!40000 ALTER TABLE `posts` DISABLE KEYS */;
INSERT INTO `posts` VALUES (1,61,5,'Yeah','dfgdr sfrvg kljfs aed poi awdoij ijafe lkija aeoijdfaes oklij',14,1,0,5,'2020-07-15 18:51:43','2020-07-15 19:02:13'),(2,59,10,'Stop','8775678967dvs78vfvdfs786786fd 7896f dd diu6i677uhfkjd  hghjgh',12,0,0,7,'2020-07-15 18:51:43','2020-07-15 19:02:13'),(3,1,3,'Wahh','poi po poi owsdw ,mndeldswdslwkjh kljhsdskj hkjs dnbzc,jh kj ',16,0,0,7,'2020-07-15 18:51:43','2020-07-15 19:02:13'),(4,46,4,'Bril','poi ppo iawdew pj aedfnefcjkl lkj lkaeswdfclesddklejdeldklejd',2,0,1,4,'2020-07-15 18:51:43','2020-07-15 19:02:42'),(5,6,1,'Catc','ljhlk jlh jlh jlhd lkdjaljdh jlhdljsw ljh klsdj sdhjdlwpo p p',4,1,1,1,'2020-07-15 18:51:43','2020-07-15 19:02:42'),(6,1,3,'dsak','o;id aelkl awld akj kja hfaekkjhawkjaw kjh kjhaw kjkj hkjj a ',14,1,0,5,'2020-07-15 18:51:43','2020-07-15 19:01:48'),(7,97,10,'fdea','srfe j kljfhesdkj  hjh kj h kjh kjadkja dhawd akjh dae akj kj',15,1,1,9,'2020-07-15 18:51:43','2020-07-15 19:02:42'),(8,40,2,'poid','ujyhku kh kuh ytf bv bv bbhnbm hbmnb hg bvbnv jghvg jhghjv nh',11,1,1,10,'2020-07-15 18:51:43','2020-07-15 19:02:42'),(9,21,9,'qwlk',' y y y y deye y e eee ye dddd d d hrerehre  deeeee e eddede  ',9,0,1,3,'2020-07-15 18:51:43','2020-07-15 19:02:42'),(10,94,8,'pocs','esdfcywuiacdyhfwdecf uweghyfgswygfkjydge yjgfejwygywegfksygfy',10,1,0,5,'2020-07-15 18:51:43','2020-07-15 19:01:56'),(11,75,3,'pert','iu oi uoiu oi hbk hk gg f rdy tf gjg khku hku b hu y gjg j ht',5,0,1,5,'2020-07-15 18:51:43','2020-07-15 19:02:42'),(12,92,10,'pyth','p iu akudh akjhdde kjkjr hkj awdkjh kj haekrj kjh  kjaerfqawo',13,0,0,0,'2020-07-15 18:51:43','2020-07-15 19:02:13'),(13,13,9,'sopc','dsjkd hs kja awjdeh kwh ca,gkrjiqaew kjhfsw qdkje hek ek h kj',10,0,1,7,'2020-07-15 18:51:43','2020-07-15 19:02:42'),(14,12,5,'drum','adew lhu ol akuhewd kjhkewddawek hu aek rh kaewudh fiuh ea kh',11,0,1,4,'2020-07-15 18:51:43','2020-07-15 19:02:42'),(15,18,6,'cort','srfglkhjvsf  auiydfres  kuuaeaewpo kufauh  zuihfes kjhfefh hu',21,0,0,1,'2020-07-15 18:51:43','2020-07-15 19:02:13');
/*!40000 ALTER TABLE `posts` ENABLE KEYS */;
UNLOCK TABLES;

--
-- Table structure for table `profiles`
--

DROP TABLE IF EXISTS `profiles`;
/*!40101 SET @saved_cs_client     = @@character_set_client */;
 SET character_set_client = utf8mb4 ;
CREATE TABLE `profiles` (
  `user_id` int(10) unsigned NOT NULL COMMENT '╨б╤Б╤Л╨╗╨║╨░ ╨╜╨░ ╨┐╨╛╨╗╤М╨╖╨╛╨▓╨░╤В╨╡╨╗╤П',
  `gender` char(1) CHARACTER SET utf8 COLLATE utf8_unicode_ci NOT NULL COMMENT '╨Я╨╛╨╗',
  `birthday` date DEFAULT NULL COMMENT '╨Ф╨░╤В╨░ ╤А╨╛╨╢╨┤╨╡╨╜╨╕╤П',
  `photo_id` int(10) unsigned DEFAULT NULL COMMENT '╨б╤Б╤Л╨╗╨║╨░ ╨╜╨░ ╨╛╤Б╨╜╨╛╨▓╨╜╤Г╤О ╤Д╨╛╤В╨╛╨│╤А╨░╤Д╨╕╤О ╨┐╨╛╨╗╤М╨╖╨╛╨▓╨░╤В╨╡╨╗╤П',
  `city` varchar(130) CHARACTER SET utf8 COLLATE utf8_unicode_ci DEFAULT NULL COMMENT '╨У╨╛╤А╨╛╨┤ ╨┐╤А╨╛╨╢╨╕╨▓╨░╨╜╨╕╤П',
  `country` varchar(130) CHARACTER SET utf8 COLLATE utf8_unicode_ci DEFAULT NULL COMMENT '╨б╤В╤А╨░╨╜╨░ ╨┐╤А╨╛╨╢╨╕╨▓╨░╨╜╨╕╤П',
  `created_at` datetime DEFAULT CURRENT_TIMESTAMP COMMENT '╨Т╤А╨╡╨╝╤П ╤Б╨╛╨╖╨┤╨░╨╜╨╕╤П ╤Б╤В╤А╨╛╨║╨╕',
  `updated_at` datetime DEFAULT CURRENT_TIMESTAMP ON UPDATE CURRENT_TIMESTAMP COMMENT '╨Т╤А╨╡╨╝╤П ╨╛╨▒╨╜╨╛╨▓╨╗╨╡╨╜╨╕╤П ╤Б╤В╤А╨╛╨║╨╕',
  PRIMARY KEY (`user_id`),
  KEY `profiles_photo_id_fk` (`photo_id`),
  CONSTRAINT `profiles_photo_id_fk` FOREIGN KEY (`photo_id`) REFERENCES `media` (`id`) ON DELETE SET NULL,
  CONSTRAINT `profiles_user_id_fk` FOREIGN KEY (`user_id`) REFERENCES `users` (`id`) ON DELETE CASCADE
) ENGINE=InnoDB DEFAULT CHARSET=utf8 COLLATE=utf8_unicode_ci COMMENT='╨Я╤А╨╛╤Д╨╕╨╗╨╕';
/*!40101 SET character_set_client = @saved_cs_client */;

--
-- Dumping data for table `profiles`
--

LOCK TABLES `profiles` WRITE;
/*!40000 ALTER TABLE `profiles` DISABLE KEYS */;
INSERT INTO `profiles` VALUES (1,'m','2001-06-25',14,'Split','Croatia','2013-09-13 17:43:51','2020-07-15 14:02:15'),(2,'w','1983-09-09',21,'Split','Croatia','1994-06-27 19:39:08','2020-07-15 14:02:15'),(3,'w','1989-04-09',20,'Keln','Germany','1980-11-14 20:12:25','2020-07-15 14:02:15'),(4,'w','1974-04-03',15,'Minsk','Belarus','1985-07-05 12:46:50','2020-07-15 14:02:15'),(5,'m','2002-11-14',15,'Minsk','Belarus','2020-02-03 00:30:49','2020-07-15 14:02:15'),(6,'m','2020-02-05',8,'Minsk','Belarus','1988-03-10 12:50:48','2020-07-15 14:02:15'),(7,'m','2010-04-21',17,'Split','Croatia','1976-11-03 17:59:03','2020-07-15 14:02:15'),(8,'w','2010-09-30',16,'Minsk','Belarus','2019-05-15 00:43:25','2020-07-15 14:02:15'),(9,'m','1979-10-10',9,'Florence','Italy','2000-04-17 05:10:35','2020-07-15 14:02:15'),(10,'m','2011-11-19',19,'Berlin','Germany','1985-05-23 03:24:37','2020-07-15 14:02:15'),(11,'w','1974-04-24',2,'Istanbul','Turkey','2015-04-02 22:18:40','2020-07-15 14:02:15'),(12,'m','2016-09-06',17,'Minsk','Belarus','2003-07-15 03:51:11','2020-07-15 14:02:15'),(13,'w','1984-11-22',13,'Minsk','Belarus','2012-03-26 17:28:54','2020-07-15 14:02:15'),(14,'m','2009-12-02',17,'Minsk','Belarus','1980-05-25 12:42:32','2020-07-15 14:02:15'),(15,'m','2005-05-27',1,'Split','Croatia','2002-02-04 14:22:39','2020-07-15 14:02:15'),(16,'w','2008-05-07',18,'Minsk','Belarus','2019-10-23 07:27:44','2020-07-15 14:02:15'),(17,'w','1974-01-16',21,'Istanbul','Turkey','2008-01-14 07:35:20','2020-07-15 14:02:15'),(18,'m','1976-05-12',11,'Minsk','Belarus','1992-06-01 02:10:32','2020-07-15 14:02:15'),(19,'w','2014-04-15',11,'Split','Croatia','1993-05-04 13:32:00','2020-07-15 14:02:15'),(20,'w','2019-04-17',2,'Split','Croatia','1994-11-08 12:35:28','2020-07-15 14:02:15'),(21,'m','2000-07-21',17,'London','UK','1984-03-04 14:44:50','2020-07-15 14:02:15'),(22,'m','1984-08-10',16,'Venezia','Italy','1993-06-13 18:10:32','2020-07-15 14:02:15'),(23,'w','2015-04-07',8,'Minsk','Belarus','1973-12-10 07:25:56','2020-07-15 14:02:15'),(24,'m','2009-03-01',11,'Minsk','Belarus','2014-01-07 05:37:12','2020-07-15 14:02:15'),(25,'w','2008-01-02',11,'Istanbul','Turkey','1995-04-25 11:18:37','2020-07-15 14:02:15'),(26,'w','2000-12-04',1,'Minsk','Belarus','1991-12-16 02:10:58','2020-07-15 14:02:15'),(27,'w','2007-05-28',14,'Rome','Italy','1971-10-01 22:56:37','2020-07-15 14:02:15'),(28,'m','1999-08-18',1,'Keln','Germany','1996-08-09 05:31:06','2020-07-15 14:02:15'),(29,'m','1976-10-09',7,'Rome','Italy','1993-02-10 04:20:27','2020-07-15 14:02:15'),(30,'w','1972-12-10',10,'Keln','Germany','2014-04-12 02:38:41','2020-07-15 14:02:15'),(31,'w','2015-01-07',5,'Berlin','Germany','2017-04-28 11:54:51','2020-07-15 14:02:15'),(32,'m','2006-07-22',19,'Istanbul','Turkey','1995-01-19 10:40:31','2020-07-15 14:02:15'),(33,'m','1977-01-21',13,'Minsk','Belarus','2015-11-20 11:25:15','2020-07-15 14:02:15'),(34,'w','2005-04-08',9,'Keln','Germany','1991-01-27 08:33:47','2020-07-15 14:02:15'),(35,'w','1990-07-26',6,'Zagreb','Croatia','2009-09-19 05:52:47','2020-07-15 14:02:15'),(36,'m','1972-10-01',2,'Keln','Germany','1996-12-14 01:30:56','2020-07-15 14:02:15'),(37,'m','1999-03-12',14,'Split','Croatia','2016-01-09 19:50:15','2020-07-15 14:02:15'),(38,'m','1975-08-27',19,'Florence','Italy','2006-10-27 09:06:55','2020-07-15 14:02:15'),(39,'w','1980-05-12',12,'Bryansk','Russian Federation','1986-12-02 08:49:20','2020-07-15 14:02:15'),(40,'w','2008-06-07',1,'Istanbul','Turkey','2000-03-30 18:38:44','2020-07-15 14:02:15'),(41,'m','1977-10-28',13,'Minsk','Belarus','2016-09-11 18:56:38','2020-07-15 14:02:15'),(42,'w','2019-02-07',17,'Berlin','Germany','1981-08-16 17:29:53','2020-07-15 14:02:15'),(43,'w','1999-04-01',4,'Keln','Germany','1973-05-05 15:38:44','2020-07-15 14:02:15'),(44,'w','1972-08-20',10,'Moscow','Russian Federation','1998-02-12 08:58:51','2020-07-15 14:02:15'),(45,'w','2004-02-25',18,'Split','Croatia','1992-09-10 11:23:02','2020-07-15 14:02:15'),(46,'w','1981-11-18',19,'Minsk','Belarus','1979-04-01 05:41:01','2020-07-15 14:02:15'),(47,'m','1996-05-03',18,'Split','Croatia','1992-06-25 12:09:26','2020-07-15 14:02:15'),(48,'w','2015-04-29',11,'Florence','Italy','2001-02-28 22:11:06','2020-07-15 14:02:15'),(49,'w','1992-12-20',1,'Istanbul','Turkey','2015-08-19 23:15:27','2020-07-15 14:02:15'),(50,'w','1998-12-20',14,'Rome','Italy','2003-11-17 18:43:47','2020-07-15 14:02:15'),(51,'w','1972-11-04',5,'Minsk','Belarus','1984-08-12 02:47:10','2020-07-15 14:02:15'),(52,'m','1979-11-15',21,'Berlin','Germany','1981-03-30 19:17:49','2020-07-15 14:02:15'),(53,'m','2004-06-09',8,'Istanbul','Turkey','2004-09-01 03:02:10','2020-07-15 14:02:15'),(54,'w','2012-10-30',20,'Venezia','Italy','2011-10-25 14:15:18','2020-07-15 14:02:15'),(55,'m','1992-12-02',9,'London','UK','1975-02-10 06:50:45','2020-07-15 14:02:15'),(56,'w','1988-05-16',7,'Istanbul','Turkey','1996-10-15 15:41:58','2020-07-15 14:02:15'),(57,'m','1998-04-09',9,'Split','Croatia','1996-12-15 12:28:55','2020-07-15 14:02:15'),(58,'w','2004-09-22',3,'Keln','Germany','2016-03-05 14:49:31','2020-07-15 14:02:15'),(59,'w','2014-09-01',8,'Tula','Russian Federation','2014-04-09 05:05:07','2020-07-15 14:02:15'),(60,'m','1993-02-18',10,'Bryansk','Russian Federation','2002-06-13 19:50:50','2020-07-15 14:02:15'),(61,'m','2006-01-10',2,'Tula','Russian Federation','1990-05-25 06:28:52','2020-07-15 14:02:15'),(62,'m','2018-12-03',2,'Istanbul','Turkey','1980-05-19 09:35:41','2020-07-15 14:02:15'),(63,'m','1981-04-04',5,'Zagreb','Croatia','1988-04-12 16:38:27','2020-07-15 14:02:15'),(64,'m','1998-07-13',17,'Istanbul','Turkey','1997-02-13 23:38:07','2020-07-15 14:02:15'),(65,'w','1971-07-10',8,'Split','Croatia','2004-09-01 12:49:13','2020-07-15 14:02:15'),(66,'w','1975-06-20',8,'Istanbul','Turkey','2016-09-23 04:36:13','2020-07-15 14:02:15'),(67,'m','1996-12-20',14,'Minsk','Belarus','1971-01-19 11:56:33','2020-07-15 14:02:15'),(68,'w','1979-02-28',6,'Bryansk','Russian Federation','2016-04-03 18:28:16','2020-07-15 14:02:15'),(69,'w','2013-12-10',7,'Split','Croatia','1974-02-25 12:19:04','2020-07-15 14:02:15'),(70,'m','2014-10-26',15,'London','UK','1975-04-17 11:39:04','2020-07-15 14:02:15'),(71,'m','2013-12-21',14,'Keln','Germany','1976-09-15 13:34:37','2020-07-15 14:02:15'),(72,'w','2013-10-01',4,'Keln','Germany','2006-03-09 10:37:25','2020-07-15 14:02:15'),(73,'m','1991-06-27',18,'Minsk','Belarus','1975-12-08 06:48:49','2020-07-15 14:02:15'),(74,'w','1991-08-08',14,'Moscow','Russian Federation','2000-08-31 07:13:13','2020-07-15 14:02:15'),(75,'m','1990-09-30',15,'Minsk','Belarus','2013-09-05 14:55:38','2020-07-15 14:02:15'),(76,'m','1985-11-15',14,'Zagreb','Croatia','2012-09-29 09:25:20','2020-07-15 14:02:15'),(77,'w','1973-10-23',1,'Minsk','Belarus','1994-11-10 12:11:20','2020-07-15 14:02:15'),(78,'m','2003-04-10',5,'Istanbul','Turkey','1978-02-28 07:32:38','2020-07-15 14:02:15'),(79,'w','2016-06-30',21,'Rome','Italy','1993-05-16 15:09:33','2020-07-15 14:02:15'),(80,'m','1981-03-09',6,'Florence','Italy','1990-06-17 02:04:26','2020-07-15 14:02:15'),(81,'w','1991-08-01',9,'Split','Croatia','1974-03-01 15:22:50','2020-07-15 14:02:15'),(82,'w','1979-01-04',5,'Minsk','Belarus','2014-06-04 03:26:49','2020-07-15 14:02:15'),(83,'w','2016-10-13',18,'Venezia','Italy','1986-07-21 09:31:49','2020-07-15 14:02:15'),(84,'w','1989-06-11',13,'Zagreb','Croatia','2017-07-09 06:39:30','2020-07-15 14:02:15'),(85,'m','2000-11-26',9,'Berlin','Germany','2019-05-28 13:33:53','2020-07-15 14:02:15'),(86,'m','1983-06-02',6,'Moscow','Russian Federation','1972-12-01 09:14:31','2020-07-15 14:02:15'),(87,'w','1978-10-12',3,'Florence','Italy','1993-08-31 08:24:41','2020-07-15 14:02:15'),(88,'m','1995-09-01',16,'Istanbul','Turkey','2020-05-10 01:06:34','2020-07-15 14:02:15'),(89,'m','2014-08-02',8,'Berlin','Germany','1975-10-30 15:50:05','2020-07-15 14:02:15'),(90,'m','2019-01-09',11,'Split','Croatia','1981-06-08 02:39:19','2020-07-15 14:02:15'),(91,'w','1970-06-19',9,'Istanbul','Turkey','1976-07-01 23:24:16','2020-07-15 14:02:15'),(92,'m','1981-01-29',13,'Keln','Germany','2018-10-21 10:06:45','2020-07-15 14:02:15'),(93,'w','1996-04-04',18,'Bryansk','Russian Federation','1971-11-14 01:24:15','2020-07-15 14:02:15'),(94,'w','2017-08-24',5,'Istanbul','Turkey','2015-10-10 11:41:45','2020-07-15 14:02:15'),(95,'m','2007-05-06',15,'Berlin','Germany','2018-03-25 21:38:15','2020-07-15 14:02:15'),(96,'w','1989-04-27',17,'Minsk','Belarus','1972-02-08 08:45:58','2020-07-15 14:02:15'),(97,'w','2005-04-28',18,'London','UK','1995-09-17 08:33:16','2020-07-15 14:02:15'),(98,'m','1976-12-15',17,'Split','Croatia','1994-03-05 21:26:16','2020-07-15 14:02:15'),(99,'w','1998-03-14',10,'Istanbul','Turkey','1972-04-19 19:21:52','2020-07-15 14:02:15'),(100,'m','1975-05-31',20,'Minsk','Belarus','2009-02-02 04:45:21','2020-07-15 14:02:15'),(101,'m','1995-03-05',8,'Berlin','Germany','1995-04-04 13:39:43','2020-07-15 14:02:15'),(102,'m','1996-02-29',19,'Zagreb','Croatia','1982-12-16 14:49:32','2020-07-15 14:02:15'),(103,'m','1999-08-11',7,'Moscow','Russian Federation','1986-07-07 22:45:36','2020-07-15 14:02:15'),(104,'m','1991-01-22',1,'Minsk','Belarus','2015-12-25 23:23:41','2020-07-15 14:02:15'),(105,'w','1978-09-30',5,'Istanbul','Turkey','2007-05-10 23:10:33','2020-07-15 14:02:15'),(106,'w','2003-08-09',21,'Minsk','Belarus','1994-09-15 14:33:25','2020-07-15 14:02:15'),(107,'m','1981-08-05',3,'Minsk','Belarus','1997-12-25 18:42:52','2020-07-15 14:02:15'),(108,'w','1997-06-30',18,'Split','Croatia','2007-01-03 20:49:47','2020-07-15 14:02:15'),(109,'m','1990-10-15',16,'Rome','Italy','1986-06-27 01:10:48','2020-07-15 14:02:15'),(110,'m','1974-03-02',6,'Istanbul','Turkey','2018-01-22 06:43:40','2020-07-15 14:02:15');
/*!40000 ALTER TABLE `profiles` ENABLE KEYS */;
UNLOCK TABLES;

--
-- Table structure for table `target_types`
--

DROP TABLE IF EXISTS `target_types`;
/*!40101 SET @saved_cs_client     = @@character_set_client */;
 SET character_set_client = utf8mb4 ;
CREATE TABLE `target_types` (
  `id` int(10) unsigned NOT NULL AUTO_INCREMENT,
  `name` varchar(255) NOT NULL,
  `created_at` datetime DEFAULT CURRENT_TIMESTAMP,
  PRIMARY KEY (`id`),
  UNIQUE KEY `name` (`name`)
) ENGINE=InnoDB AUTO_INCREMENT=5 DEFAULT CHARSET=utf8mb4 COLLATE=utf8mb4_0900_ai_ci;
/*!40101 SET character_set_client = @saved_cs_client */;

--
-- Dumping data for table `target_types`
--

LOCK TABLES `target_types` WRITE;
/*!40000 ALTER TABLE `target_types` DISABLE KEYS */;
INSERT INTO `target_types` VALUES (1,'messages','2020-07-15 17:13:03'),(2,'users','2020-07-15 17:13:03'),(3,'media','2020-07-15 17:13:03'),(4,'posts','2020-07-15 17:13:03');
/*!40000 ALTER TABLE `target_types` ENABLE KEYS */;
UNLOCK TABLES;

--
-- Table structure for table `users`
--

DROP TABLE IF EXISTS `users`;
/*!40101 SET @saved_cs_client     = @@character_set_client */;
 SET character_set_client = utf8mb4 ;
CREATE TABLE `users` (
  `id` int(10) unsigned NOT NULL AUTO_INCREMENT COMMENT '╨Ш╨┤╨╡╨╜╤В╨╕╤Д╨╕╨║╨░╤В╨╛╤А ╤Б╤В╤А╨╛╨║╨╕',
  `first_name` varchar(100) CHARACTER SET utf8 COLLATE utf8_unicode_ci NOT NULL COMMENT '╨Ш╨╝╤П ╨┐╨╛╨╗╤М╨╖╨╛╨▓╨░╤В╨╡╨╗╤П',
  `last_name` varchar(100) CHARACTER SET utf8 COLLATE utf8_unicode_ci NOT NULL COMMENT '╨д╨░╨╝╨╕╨╗╨╕╤П ╨┐╨╛╨╗╤М╨╖╨╛╨▓╨░╤В╨╡╨╗╤П',
  `email` varchar(100) CHARACTER SET utf8 COLLATE utf8_unicode_ci NOT NULL COMMENT '╨Я╨╛╤З╤В╨░',
  `phone` varchar(100) CHARACTER SET utf8 COLLATE utf8_unicode_ci NOT NULL COMMENT '╨в╨╡╨╗╨╡╤Д╨╛╨╜',
  `created_at` datetime DEFAULT CURRENT_TIMESTAMP COMMENT '╨Т╤А╨╡╨╝╤П ╤Б╨╛╨╖╨┤╨░╨╜╨╕╤П ╤Б╤В╤А╨╛╨║╨╕',
  `updated_at` datetime DEFAULT CURRENT_TIMESTAMP ON UPDATE CURRENT_TIMESTAMP COMMENT '╨Т╤А╨╡╨╝╤П ╨╛╨▒╨╜╨╛╨▓╨╗╨╡╨╜╨╕╤П ╤Б╤В╤А╨╛╨║╨╕',
  PRIMARY KEY (`id`),
  UNIQUE KEY `email` (`email`),
  UNIQUE KEY `phone` (`phone`)
) ENGINE=InnoDB AUTO_INCREMENT=111 DEFAULT CHARSET=utf8 COLLATE=utf8_unicode_ci COMMENT='╨Я╨╛╨╗╤М╨╖╨╛╨▓╨░╤В╨╡╨╗╨╕';
/*!40101 SET character_set_client = @saved_cs_client */;

--
-- Dumping data for table `users`
--

LOCK TABLES `users` WRITE;
/*!40000 ALTER TABLE `users` DISABLE KEYS */;
INSERT INTO `users` VALUES (1,'Berenice','Pfannerstill','sgusikowski@example.org','(064)022-9435x858','1975-08-13 04:03:26','1979-02-01 08:24:35'),(2,'Boyd','Bartoletti','tromp.bethel@example.org','115-060-2024','1987-10-10 03:53:52','2012-03-27 17:02:11'),(3,'Johnathon','Bruen','catherine.weissnat@example.com','176-237-9623','1991-11-30 23:42:13','1998-05-05 14:22:37'),(4,'Jon','Bernhard','lavinia22@example.net','+22(8)7530093509','1977-08-22 17:01:35','1984-12-18 23:28:35'),(5,'Claudine','Schmitt','carson10@example.net','(122)240-9917','1997-08-10 08:47:34','2013-03-23 09:17:38'),(6,'Holly','Schumm','king.rosa@example.org','+57(4)7531077650','1979-02-14 00:35:16','2007-08-13 06:34:33'),(7,'Bartholome','Bednar','obatz@example.org','+07(4)6607436242','1977-09-06 16:45:56','2005-03-08 09:34:28'),(8,'Jaunita','Renner','predovic.adele@example.net','944-342-3686','1987-07-25 17:31:47','1987-10-29 18:54:55'),(9,'Adolf','Auer','effertz.katherine@example.org','03439111009','1980-04-14 09:12:02','2006-02-18 12:18:39'),(10,'Mikayla','Roob','cnicolas@example.org','1-859-839-6664x5521','1992-03-06 09:43:34','1998-08-05 08:55:40'),(11,'Macey','Quigley','tyrique40@example.com','114.084.5696x24517','2010-08-03 19:10:38','2020-06-29 13:18:43'),(12,'Osvaldo','Schmidt','alvena.zulauf@example.org','1-752-413-5758','2012-09-23 20:13:58','2020-06-29 13:18:43'),(13,'Lavinia','Farrell','josephine.gusikowski@example.net','127.936.4730','2008-09-18 09:04:16','2020-06-29 13:18:43'),(14,'Lola','Casper','ole.romaguera@example.com','07484036681','2014-08-14 21:59:18','2020-06-29 13:18:43'),(15,'Marina','Bode','odie.lehner@example.com','1-873-924-0602x57590','1999-06-26 15:58:39','2015-06-05 03:45:42'),(16,'Holden','Gleichner','richard.rice@example.com','003.495.5658x79746','2016-09-12 06:21:58','2020-06-29 13:18:43'),(17,'Hank','DuBuque','jcarroll@example.org','512-312-5827x7115','1981-12-21 02:23:20','2002-08-30 05:51:37'),(18,'Braden','Ziemann','gwolf@example.com','07884249847','2017-07-13 11:01:52','2020-06-29 13:18:43'),(19,'Dovie','Bartell','winfield30@example.net','1-512-124-8343x956','1996-08-28 02:43:55','2001-03-17 16:13:15'),(20,'Aimee','Carter','aron97@example.net','(149)481-5693','1971-07-09 20:39:40','1981-01-29 03:13:43'),(21,'Aditya','O\'Hara','austen.stoltenberg@example.net','08345912210','2004-04-02 09:56:44','2020-06-29 13:18:43'),(22,'Casimer','Grimes','pmcdermott@example.net','08514410008','1996-05-08 03:05:52','2020-06-29 13:18:43'),(23,'Sandrine','Skiles','carmelo.lynch@example.net','08280689899','1990-04-10 02:45:03','1991-06-28 10:54:56'),(24,'Keenan','Zieme','fahey.archibald@example.net','1-178-991-0677','2017-03-08 02:56:33','2018-01-24 00:44:34'),(25,'Lonny','Jacobi','rbalistreri@example.com','885.377.3034x085','2001-10-17 08:15:35','2020-06-29 13:18:43'),(26,'Eliezer','Emard','friesen.lloyd@example.net','290.271.6333x6821','2016-02-18 13:51:28','2020-06-29 13:18:43'),(27,'Katelynn','Little','orin79@example.org','543-643-0323x90151','2018-10-31 22:41:53','2020-06-29 13:18:43'),(28,'Blaise','Weber','ibrahim19@example.com','+53(1)8770477019','2017-12-06 08:26:22','2020-06-29 13:18:43'),(29,'Natalie','Ruecker','emery.medhurst@example.com','790.203.4417x015','2006-12-28 00:35:12','2013-09-15 23:57:32'),(30,'Ellen','Romaguera','hilda.pagac@example.org','(952)402-8037x7918','2007-05-23 14:06:43','2019-05-25 17:19:57'),(31,'Bryon','Nienow','nmcclure@example.net','960-953-6944','2010-09-07 04:19:32','2020-06-29 13:18:43'),(32,'Guillermo','Connelly','pschowalter@example.org','369.145.0664x83305','2007-02-16 13:33:40','2020-06-29 13:18:43'),(33,'Durward','Buckridge','wnicolas@example.org','426.426.2346x9085','1998-01-05 05:10:47','2010-05-10 16:00:58'),(34,'Xzavier','Pfannerstill','cynthia26@example.org','04185473734','1985-05-26 07:04:22','1997-07-21 02:18:20'),(35,'Lori','Blanda','lind.bart@example.com','09323043036','2004-01-10 02:28:54','2020-06-29 13:18:43'),(36,'Lavada','Grant','qkuhn@example.org','402.468.9297x6318','1996-02-04 07:33:55','2020-06-29 13:18:43'),(37,'Nedra','Walsh','mkris@example.net','+39(4)7475234114','1982-09-11 15:43:10','2020-06-29 13:18:43'),(38,'Jaquelin','O\'Hara','glover.rashad@example.org','(628)763-6066x8531','1998-10-29 08:46:04','2013-05-21 12:57:20'),(39,'Dale','Tillman','larkin.ocie@example.net','433.559.9404x607','2006-12-25 07:14:22','2020-06-29 13:18:43'),(40,'Cortez','Bins','khoeger@example.com','580-785-4442','1979-10-17 00:13:42','1981-08-01 17:27:41'),(41,'Jeff','Kling','nathan90@example.com','(362)536-3804','2004-08-04 19:58:34','2020-06-29 13:18:43'),(42,'Arely','Halvorson','rigoberto.cassin@example.net','(857)692-6120x4411','1988-10-28 11:48:14','1992-05-28 07:17:34'),(43,'Hallie','Oberbrunner','sid39@example.org','+95(7)5810255726','1973-01-06 11:47:27','1976-01-01 01:43:34'),(44,'Flavie','Orn','feil.abigail@example.org','132.798.6139x1151','1996-08-10 02:19:14','2014-08-20 03:36:06'),(45,'Christy','Kreiger','lupe.walker@example.org','+22(5)5347543689','1973-06-28 14:11:44','2012-04-10 05:30:21'),(46,'Khalid','Nolan','tsmith@example.org','(537)142-5090x6567','2018-06-01 01:25:20','2020-06-29 13:18:43'),(47,'Domingo','Orn','mac.rutherford@example.com','627-272-8972x561','2013-06-26 10:28:54','2020-06-29 13:18:43'),(48,'Marcelle','Cummerata','nader.dandre@example.org','488-958-0573x49840','2015-11-07 14:03:40','2020-06-29 13:18:43'),(49,'Adrianna','Harris','pollich.price@example.com','1-370-058-2320x4504','1978-04-23 12:20:08','2019-03-11 09:52:53'),(50,'Hattie','Luettgen','magdalena72@example.org','1-527-297-5154','1973-07-10 22:07:57','2005-07-09 18:07:28'),(51,'Shaun','Kunde','gwendolyn.luettgen@example.net','01534866822','1983-02-13 18:05:18','2011-01-14 11:01:21'),(52,'Angie','Torp','kcrona@example.com','418.236.5616','2001-01-15 21:18:25','2008-08-20 11:53:36'),(53,'Krystina','Legros','isawayn@example.org','606-678-7660x827','2002-01-06 03:25:06','2020-06-29 13:18:43'),(54,'Delpha','Flatley','lexi.huels@example.org','1-728-459-9425','1979-03-16 05:53:50','2003-03-31 20:13:35'),(55,'Marcellus','Gaylord','tjacobs@example.com','1-963-302-1507x3270','1984-04-02 08:08:50','2020-06-29 13:18:43'),(56,'Otho','Littel','skiles.zoey@example.net','(083)568-9634x3523','1977-01-23 02:56:53','1979-10-14 18:45:06'),(57,'Filiberto','Beatty','terry.lily@example.com','310-854-3928','1983-08-22 12:13:00','2012-11-29 12:26:45'),(58,'Lucy','Moen','leilani35@example.com','928.865.9580x67187','1982-02-01 12:44:05','2002-11-09 10:13:31'),(59,'Maegan','Schaefer','zwalker@example.org','354-530-0492','1974-03-13 15:15:27','2018-09-27 05:12:05'),(60,'Lea','Bergnaum','anya16@example.com','+49(1)2924103513','2008-06-01 21:29:10','2020-06-29 13:18:43'),(61,'Julius','Welch','marshall.tremblay@example.org','569-194-7366x736','2001-12-15 02:39:53','2020-06-29 13:18:43'),(62,'Tiana','Bashirian','frami.ayana@example.com','187.242.7767x81812','2017-09-12 20:09:48','2020-06-29 13:18:43'),(63,'Foster','Turner','gspencer@example.com','619.225.4944x123','2005-08-29 16:25:28','2020-06-29 13:18:43'),(64,'Ila','Daugherty','dorothea98@example.net','(937)779-2339x140','1995-12-30 14:47:51','2006-07-19 03:14:10'),(65,'Jeffery','Heidenreich','easton74@example.net','486-754-9998x474','2017-10-02 22:12:03','2018-02-04 09:04:35'),(66,'Rupert','Lind','spinka.martin@example.com','+19(4)7611868943','2016-12-20 06:30:35','2020-06-29 13:18:43'),(67,'Mylene','Kuhn','sporer.alexis@example.com','(373)147-2903x1441','2003-07-18 16:29:44','2020-06-29 13:18:43'),(68,'Lavern','Rohan','oberbrunner.monte@example.org','(754)147-4204x3778','1995-06-18 04:25:08','2009-09-08 16:32:35'),(69,'Hazle','Ankunding','dexter61@example.net','08211822547','1994-01-03 19:07:52','2020-06-29 13:18:43'),(70,'Janelle','Osinski','caleigh51@example.org','01037922476','1999-11-28 00:00:45','2020-06-29 13:18:43'),(71,'Tremaine','Towne','abbott.jamison@example.org','(265)174-6060','1991-02-10 12:53:56','2012-02-17 10:45:05'),(72,'Astrid','Feest','legros.nestor@example.org','(585)903-0117','1982-11-14 13:39:30','2020-06-29 13:18:43'),(73,'Nathanial','Rowe','jade13@example.net','1-329-880-2869x23502','1994-04-20 16:14:18','2006-02-21 16:51:28'),(74,'Leopoldo','Roberts','stan61@example.org','626.194.0931','1975-01-27 20:24:04','2015-09-22 13:01:48'),(75,'Zackery','Schultz','ankunding.rosalyn@example.net','339.919.0786','1986-02-17 02:05:12','2003-11-04 19:35:19'),(76,'Willa','Stiedemann','junior52@example.com','556-422-0000x492','1974-08-24 21:14:50','1993-03-13 11:27:01'),(77,'Isaac','Fritsch','dale.abernathy@example.com','08169217511','1993-02-24 05:09:40','2020-06-29 13:18:43'),(78,'Maurine','Roob','dessie.carroll@example.org','604.013.1526x8760','1978-07-11 23:03:45','2002-07-26 12:40:12'),(79,'Trudie','Lubowitz','monique22@example.net','101-244-6713x5970','1976-04-10 01:15:07','2020-06-29 13:18:43'),(80,'Lane','Schamberger','cathryn64@example.org','+55(2)8606366568','1971-07-02 11:42:38','1992-03-04 10:17:24'),(81,'Maiya','Russel','kareem.shanahan@example.org','696-021-2114x2341','1975-07-19 06:37:46','1988-03-19 15:26:58'),(82,'Madelynn','Bradtke','zula57@example.net','059-811-2660x22745','1980-12-27 18:56:08','2005-07-06 04:57:27'),(83,'Emanuel','Langworth','hilpert.wendell@example.net','1-738-028-3946x03142','1978-12-26 04:00:40','2000-07-06 02:50:42'),(84,'Kayla','Lemke','torp.makenna@example.net','163-872-5178','2014-01-06 00:51:50','2020-06-29 13:18:43'),(85,'Magdalen','Heaney','xullrich@example.org','279-200-3631x84413','1993-10-05 19:07:45','2020-06-29 13:18:43'),(86,'Teagan','Ward','dicki.alexa@example.org','+70(1)1322835428','1988-05-25 20:41:24','2020-06-29 13:18:43'),(87,'Daphney','Kunze','haley.godfrey@example.com','106.511.5977','2008-10-01 17:21:08','2020-06-29 13:18:43'),(88,'Victoria','Ebert','victor27@example.org','(944)082-5286x541','1975-05-20 11:24:45','2005-08-01 07:25:35'),(89,'Everette','Haag','hand.jarred@example.com','613.852.5562x1993','2009-02-17 08:02:51','2020-06-29 13:18:43'),(90,'Ova','Rowe','fahey.friedrich@example.net','696.026.7975x485','1997-10-06 14:16:06','2020-06-29 13:18:43'),(91,'Tommie','Beer','casper.khalid@example.net','377-331-3222','2008-02-09 04:14:21','2020-06-29 13:18:43'),(92,'Kacey','Blanda','cullen.hessel@example.net','(953)970-8757','1989-12-08 16:15:31','2020-06-29 13:18:43'),(93,'Tremaine','Sporer','ruecker.baron@example.com','03078834931','2016-01-29 05:58:15','2020-06-29 13:18:43'),(94,'Modesta','Strosin','king.carey@example.net','191-529-6344','1971-08-02 13:27:42','2006-03-02 18:47:43'),(95,'Kirstin','Turcotte','mathias.lesch@example.net','554.793.4094x648','1995-02-14 23:49:11','2016-08-15 18:44:39'),(96,'Tracey','Heathcote','gianni.cummerata@example.com','02741947009','2005-10-02 06:39:31','2020-06-29 13:18:43'),(97,'Charlotte','Cruickshank','yabernathy@example.com','494.860.0424x6691','1991-12-09 11:54:55','2020-06-29 13:18:43'),(98,'Trey','Satterfield','mosciski.antoinette@example.org','875-719-3032','2010-11-22 17:02:22','2020-06-29 13:18:43'),(99,'Maci','Adams','bethany03@example.org','662.460.1216','2009-11-02 13:06:00','2020-06-29 13:18:43'),(100,'Therese','Erdman','electa99@example.com','01301808850','1992-05-01 04:40:53','2020-06-29 13:18:43'),(101,'Angel','Smitham','dstroman@example.net','1-825-181-1724','1981-02-13 17:15:28','2020-06-29 13:18:43'),(102,'Zora','Mitchell','geoffrey81@example.com','662-062-3977x40329','2011-08-22 15:10:38','2020-06-29 13:18:43'),(103,'Alexa','Bernier','gwen76@example.org','03685519558','1988-09-14 21:45:38','2020-06-29 13:18:43'),(104,'Hayley','Ondricka','weissnat.rosanna@example.net','+56(7)2654659529','2010-12-21 01:23:32','2012-07-13 16:48:22'),(105,'Johan','Funk','celestine.krajcik@example.com','509.588.6391','1993-07-09 07:44:31','1999-08-09 01:30:30'),(106,'Forrest','Schuppe','ralph68@example.com','1-360-295-0316x634','1970-04-14 18:03:57','2004-10-30 11:26:08'),(107,'Ferne','Upton','brown.evangeline@example.net','759-634-8936','2019-07-30 01:30:01','2020-06-29 13:18:43'),(108,'Angelita','Murphy','reese.bradtke@example.org','319-533-6407','2007-08-30 15:13:27','2020-06-29 13:18:43'),(109,'Viva','Friesen','major35@example.org','(556)981-7828x382','2005-01-03 13:48:42','2020-06-29 13:18:43'),(110,'Jaiden','Bradtke','lafayette75@example.org','1-631-522-2862','1991-12-09 08:13:55','1998-04-20 02:30:37');
/*!40000 ALTER TABLE `users` ENABLE KEYS */;
UNLOCK TABLES;
/*!40103 SET TIME_ZONE=@OLD_TIME_ZONE */;

/*!40101 SET SQL_MODE=@OLD_SQL_MODE */;
/*!40014 SET FOREIGN_KEY_CHECKS=@OLD_FOREIGN_KEY_CHECKS */;
/*!40014 SET UNIQUE_CHECKS=@OLD_UNIQUE_CHECKS */;
/*!40101 SET CHARACTER_SET_CLIENT=@OLD_CHARACTER_SET_CLIENT */;
/*!40101 SET CHARACTER_SET_RESULTS=@OLD_CHARACTER_SET_RESULTS */;
/*!40101 SET COLLATION_CONNECTION=@OLD_COLLATION_CONNECTION */;
/*!40111 SET SQL_NOTES=@OLD_SQL_NOTES */;

-- Dump completed on 2020-07-17 15:04:47
